episode,steps,X,Y,yaw,steer,throttle,action,reward,done,all_wheels_on_track,progress,closest_waypoint,track_len,tstamp,episode_status,pause_duration,obstacle_crash_counter
40,1.0,3.1999429183789796,0.6830789221698714,0.15925367150909842,30.0,4.0,[30.0 4.0],0.0,False,True,0.7917374436015171,1,17.709159380834848,86.48,prepare,0.0,0
40,2.0,3.1997327938476237,0.6831032114197831,0.18326595495146542,-12.3307329232072,4.0,[-12.3307329232072 4.0],2.0,False,True,0.7905513581379284,1,17.709159380834848,86.58,in_progress,0.0,0
40,3.0,3.219337344350724,0.6846284077613191,0.6977349171230733,-30.0,3.0028300489529256,[-30.0 3.0028300489529256],2.0,False,True,0.9012673795849651,1,17.709159380834848,86.644,in_progress,0.0,0
40,4.0,3.2464596781818127,0.6803006927314169,-0.3234296396329318,-10.553110307318082,1.827172974400214,[-10.553110307318082 1.827172974400214],2.0,False,True,1.0543840478844322,1,17.709159380834848,86.714,in_progress,0.0,0
40,5.0,3.289436415818262,0.6707354225996249,-2.4990363943706155,-1.1610206656756041,4.0,[-1.1610206656756041 4.0],3.1,False,True,1.296981895942971,2,17.709159380834848,86.781,in_progress,0.0,0
40,6.0,3.340493205693731,0.6620228064663509,-3.9804936224481353,-4.498164379717458,3.981960217383778,[-4.498164379717458 3.981960217383778],3.1,False,True,1.5852134654807404,2,17.709159380834848,86.846,in_progress,0.0,0
40,7.0,3.4098186671430133,0.6539415540047194,-4.775170471223164,-10.043953176217688,1.8454751991783598,[-10.043953176217688 1.8454751991783598],2.0,False,True,1.976822447637288,2,17.709159380834848,86.917,in_progress,0.0,0
40,8.0,3.4950466039493833,0.6416774642749116,-5.811455497728587,30.0,1.0933026680240405,[30.0 1.0933026680240405],2.0,False,True,2.4580695974918036,3,17.709159380834848,86.97,in_progress,0.0,0
40,9.0,3.567938050906801,0.6335863717530785,-6.056430747062383,14.297318158495315,1.9581371302953818,[14.297318158495315 1.9581371302953818],2.0,False,True,2.8696211057531533,3,17.709159380834848,87.049,in_progress,0.0,0
40,10.0,3.673417408440987,0.6382809046140805,-2.6702033030702723,30.0,4.0,[30.0 4.0],2.0,False,True,3.465257484356501,4,17.709159380834848,87.115,in_progress,0.0,0
40,11.0,3.7707011534133246,0.6595828296526525,3.381724370859995,-10.660262620794349,3.7255094895160505,[-10.660262620794349 3.7255094895160505],2.5,False,True,4.014643805329682,5,17.709159380834848,87.182,in_progress,0.0,0
40,12.0,3.8811564626432946,0.691991525150186,9.350119519131933,12.30294494765733,1.837465980453048,[12.30294494765733 1.837465980453048],2.0,False,True,4.638429454646187,5,17.709159380834848,87.251,in_progress,0.0,0
40,13.0,4.000051439485255,0.7247780378553607,13.760656054678476,-10.420167412277571,1.0,[-10.420167412277571 1.0],2.0,False,True,5.309869332302193,6,17.709159380834848,87.321,in_progress,0.0,0
40,14.0,4.107372342239403,0.7568115346414743,17.278539989290103,14.517788550511739,3.2871239727669157,[14.517788550511739 3.2871239727669157],2.0,False,True,5.915951327046726,7,17.709159380834848,87.371,in_progress,0.0,0
40,15.0,4.193612900138802,0.7800687397305378,17.26894450455428,-7.382994402778195,2.1243337362677566,[-7.382994402778195 2.1243337362677566],1.5999999999999999,False,True,6.402983129791952,8,17.709159380834848,87.452,in_progress,0.0,0
40,16.0,4.332767543576293,0.8143874049715621,15.379817716363021,30.0,4.0,[30.0 4.0],1.5999999999999999,False,True,7.188833762732429,9,17.709159380834848,87.523,in_progress,0.0,0
40,17.0,4.486550306352832,0.8531879345686075,15.098329536176086,5.713784620086081,4.0,[5.713784620086081 4.0],2.7,False,True,8.057288485072862,10,17.709159380834848,87.565,in_progress,0.0,0
40,18.0,4.565296126632514,0.8830555647067285,16.963881509620446,10.161590512161318,1.0,[10.161590512161318 1.0],1.5999999999999999,False,True,8.502023407228588,10,17.709159380834848,87.65,in_progress,0.0,0
40,19.0,4.719013834767504,0.9559391240780922,21.80723460152637,22.30455922511745,1.0,[22.30455922511745 1.0],1.3,False,True,9.370213364134226,11,17.709159380834848,87.714,in_progress,0.0,0
40,20.0,4.822618442440684,1.0206028059513703,26.312096998693647,-26.130353882261808,1.911658799819756,[-26.130353882261808 1.911658799819756],0.001,False,False,9.955387803579688,12,17.709159380834848,87.779,in_progress,0.0,0
40,21.0,4.923223457716379,1.0824328484532457,28.579341272128687,-23.52753017577973,4.0,[-23.52753017577973 4.0],0.001,False,False,10.523627411534914,12,17.709159380834848,87.844,in_progress,0.0,0
40,22.0,5.037795799765206,1.1365865360711476,27.05182223691817,6.015119981550377,2.276091760483351,[6.015119981550377 2.276091760483351],0.001,False,False,11.170619505761676,13,17.709159380834848,87.917,in_progress,0.0,0
40,23.0,5.166368141951761,1.1917942651513498,25.18881737992498,-9.698753715440976,1.0,[-9.698753715440976 1.0],0.001,False,False,11.896606644746774,14,17.709159380834848,87.978,in_progress,0.0,0
40,24.0,5.285632208202979,1.2445344529321647,24.504310765981987,3.0072890714649603,4.0,[3.0072890714649603 4.0],0.001,True,False,12.570156330550034,15,17.709159380834848,88.048,off_track,0.0,0
41,1.0,4.08530586200461,0.6835260093779376,-0.01444541118963359,16.989350916389284,3.302031612220137,[16.989350916389284 3.302031612220137],0.0,False,True,0.7912026490163322,7,17.709159380834848,88.151,prepare,0.0,0
41,2.0,4.085190493550231,0.683613237488097,0.01993050474265615,-30.0,2.935256153937633,[-30.0 2.935256153937633],2.0,False,True,0.7905513581378705,7,17.709159380834848,88.24,in_progress,0.0,0
41,3.0,4.100551811609174,0.6827701875086216,-0.143177001472555,-8.85482537001512,1.9253009422506822,[-8.85482537001512 1.9253009422506822],2.0,False,True,0.8772919192264389,7,17.709159380834848,88.312,in_progress,0.0,0
41,4.0,4.127054177545647,0.6763874208012262,-1.631322988124893,8.814488911600328,2.4499378782322534,[8.814488911600328 2.4499378782322534],2.0,False,True,1.0269325692615432,7,17.709159380834848,88.374,in_progress,0.0,0
41,5.0,4.167631785311324,0.6773355891733531,-1.122804549063811,30.0,2.2327255577740788,[30.0 2.2327255577740788],2.0,False,True,1.256067898304905,7,17.709159380834848,88.445,in_progress,0.0,0
41,6.0,4.220373244149123,0.6956386363612708,3.31394424956634,2.702729551762836,3.0027157884451654,[2.702729551762836 3.0027157884451654],2.5,False,True,1.5539246663851702,8,17.709159380834848,88.522,in_progress,0.0,0
41,7.0,4.294596195694947,0.7234937155505003,8.497030518260283,15.90279811854328,3.8804791881997973,[15.90279811854328 3.8804791881997973],2.0,False,True,1.9731034199599053,8,17.709159380834848,88.578,in_progress,0.0,0
41,8.0,4.36295580816012,0.7470279980820167,11.523299534334292,6.959377267852766,2.6832532650731684,[6.959377267852766 2.6832532650731684],2.0,False,True,2.359163928879984,9,17.709159380834848,88.647,in_progress,0.0,0
41,9.0,4.454456092919297,0.7814926044768478,14.906588501911969,29.62613834046922,1.0,[29.62613834046922 1.0],1.5999999999999999,False,True,2.875915069359461,9,17.709159380834848,88.73,in_progress,0.0,0
41,10.0,4.55530300125582,0.8256713552197176,18.381667664040204,10.628662623615284,4.0,[10.628662623615284 4.0],2.0999999999999996,False,True,3.4454656074203767,10,17.709159380834848,88.762,in_progress,0.0,0
41,11.0,4.596001743174111,0.8460408009796917,19.798180005206767,-0.08411058186640119,1.576229425487533,[-0.08411058186640119 1.576229425487533],1.5999999999999999,False,True,3.675334905762781,10,17.709159380834848,88.84,in_progress,0.0,0
41,12.0,4.718909223541314,0.8915376891614197,20.00733869122683,-27.369263737069332,2.2073335585185356,[-27.369263737069332 2.2073335585185356],1.5999999999999999,False,True,4.369482756505354,11,17.709159380834848,88.927,in_progress,0.0,0
41,13.0,4.8481186961116345,0.9273755478470953,17.8076206563033,20.27072208160987,1.044866098532319,[20.27072208160987 1.044866098532319],1.3,False,True,5.099180004994882,12,17.709159380834848,88.963,in_progress,0.0,0
41,14.0,4.908316039733289,0.9397277749117846,16.071915285383724,-14.001774286452587,1.0,[-14.001774286452587 1.0],1.3,False,True,5.439134933202258,12,17.709159380834848,89.045,in_progress,0.0,0
41,15.0,5.026291971418805,0.9639535896328266,14.001754138949435,0.18390238407605608,3.5284451280660005,[0.18390238407605608 3.5284451280660005],2.4000000000000004,False,True,6.105316285936822,13,17.709159380834848,89.11,in_progress,0.0,0
41,16.0,5.130289689721085,0.981791399789367,12.347957142881135,-20.637522278206905,4.0,[-20.637522278206905 4.0],1.3,False,True,6.692605577281078,14,17.709159380834848,89.186,in_progress,0.0,0
41,17.0,5.25127087534953,0.990092121349988,8.636384380685602,-21.45342978849601,3.39587923327905,[-21.45342978849601 3.39587923327905],1.3,False,True,7.375691040622466,15,17.709159380834848,89.244,in_progress,0.0,0
41,18.0,5.371979191358769,0.9781047628611175,1.785418869275863,-10.416546996631567,2.195793469929748,[-10.416546996631567 2.195793469929748],1.3,False,True,8.057529424393058,15,17.709159380834848,89.308,in_progress,0.0,0
41,19.0,5.505195619445158,0.9475297409509239,-6.575042551407432,-23.870099430415422,2.084455853441468,[-23.870099430415422 2.084455853441468],1.3,False,True,8.811208969775814,16,17.709159380834848,89.385,in_progress,0.0,0
41,20.0,5.643228954371163,0.9038449173655518,-14.070387406972829,5.498290992492272,3.4557525102817044,[5.498290992492272 3.4557525102817044],1.8,False,True,9.588075446055267,17,17.709159380834848,89.447,in_progress,0.0,0
41,21.0,5.773308203613796,0.8608682065618474,-17.24366102629799,1.3091230764413808,2.232128870646833,[1.3091230764413808 2.232128870646833],1.5999999999999999,False,True,10.318399532193721,18,17.709159380834848,89.5,in_progress,0.0,0
41,22.0,5.91394138332277,0.8274382514114398,-15.929094045009995,30.0,4.0,[30.0 4.0],1.5999999999999999,False,True,11.110346734460402,19,17.709159380834848,89.586,in_progress,0.0,0
41,23.0,6.082836807437062,0.8040293402695045,-9.963520071441815,5.231134243815852,4.0,[5.231134243815852 4.0],2.7,False,True,12.088411697680785,20,17.709159380834848,89.656,in_progress,0.0,0
41,24.0,6.273765623869553,0.8037700291055629,-1.8015246820091502,-24.397592633260356,3.09337579953622,[-24.397592633260356 3.09337579953622],1.5999999999999999,False,True,13.20278561534084,22,17.709159380834848,89.718,in_progress,0.0,0
41,25.0,6.441905458675196,0.8063342042111202,3.319657750463164,-30.0,1.0,[-30.0 1.0],1.5,False,True,14.17951663210868,23,17.709159380834848,89.782,in_progress,0.0,0
41,26.0,6.620812283161297,0.7930217307285897,3.6322008193141175,3.7921923976533733,2.3697709066170285,[3.7921923976533733 2.3697709066170285],2.0,False,True,15.220699864282755,24,17.709159380834848,89.851,in_progress,0.0,0
41,27.0,6.780467212962558,0.7763519396758876,0.4211782724357808,3.7079087931891266,1.7076407299734062,[3.7079087931891266 1.7076407299734062],2.0,False,True,15.993497727036926,25,17.709159380834848,89.909,in_progress,0.0,0
41,28.0,6.92264135773305,0.7725187946770248,-0.5275624451483937,-7.15400096603075,1.4235698125239606,[-7.15400096603075 1.4235698125239606],1.5999999999999999,False,True,16.611740332817465,26,17.709159380834848,89.981,in_progress,0.0,0
41,29.0,7.087427662903391,0.7716194548623012,-0.5245706673339301,15.458761290415595,2.362839261212879,[15.458761290415595 2.362839261212879],2.3,False,True,17.20601799491199,26,17.709159380834848,90.056,in_progress,0.0,0
41,30.0,7.227302122219188,0.7746689797023852,0.4979997387932569,-5.909952500586819,4.0,[-5.909952500586819 4.0],1.2000000000000002,False,True,17.80686787786695,27,17.709159380834848,90.115,in_progress,0.0,0
41,31.0,7.360040547403827,0.784008193534899,1.9317191944561976,-3.717150758840134,1.1765522512831503,[-3.717150758840134 1.1765522512831503],0.001,False,False,17.92222942153271,27,17.709159380834848,90.173,in_progress,0.0,0
41,32.0,7.498353817314829,0.7925372782872956,3.0520678972080324,-4.916145454603978,3.6438811301615983,[-4.916145454603978 3.6438811301615983],0.001,False,False,18.42769070074613,28,17.709159380834848,90.248,in_progress,0.0,0
41,33.0,7.657393972195153,0.802288806330069,3.3032103482324886,1.973447558075236,3.286907000826814,[1.973447558075236 3.286907000826814],0.001,True,False,18.682777935099836,28,17.709159380834848,90.312,off_track,0.0,0
42,1.0,4.9709118763796845,0.6838338814569183,-0.013995721090110453,25.686619770081307,4.0,[25.686619770081307 4.0],0.0,False,True,0.7920389099364198,13,17.709159380834848,90.449,prepare,0.0,0
42,2.0,4.970648403093521,0.6839376398081524,0.022039924478237015,6.976119567695761,4.0,[6.976119567695761 4.0],3.1,False,True,0.7905513581323159,13,17.709159380834848,90.515,in_progress,0.0,0
42,3.0,4.980856088381957,0.6820160221182097,-0.5117179495261678,29.933237621758707,2.530936242903852,[29.933237621758707 2.530936242903852],2.0,False,True,0.848187844862909,13,17.709159380834848,90.575,in_progress,0.0,0
42,4.0,4.997788543043206,0.6866577737928448,0.531532356471703,-13.674895904338388,2.310015802536885,[-13.674895904338388 2.310015802536885],2.0,False,True,0.9438121371275809,13,17.709159380834848,90.645,in_progress,0.0,0
42,5.0,5.030108807867965,0.6851489122368457,0.031713154072967334,30.0,2.586722167095932,[30.0 2.586722167095932],2.0,False,True,1.1263144884610985,13,17.709159380834848,90.71,in_progress,0.0,0
42,6.0,5.069049940321334,0.6817856268581269,-0.7631848931680965,-2.93028269395052,2.019049696564217,[-2.93028269395052 2.019049696564217],2.0,False,True,1.3462003916536056,13,17.709159380834848,90.779,in_progress,0.0,0
42,7.0,5.125931677366634,0.6790339892772967,-1.2010529569436024,-25.89857701860118,1.0,[-25.89857701860118 1.0],2.0,False,True,1.6673944292076845,14,17.709159380834848,90.848,in_progress,0.0,0
42,8.0,5.183863628876822,0.6613370192159242,-4.91558225915812,-30.0,2.494053577509051,[-30.0 2.494053577509051],2.0,False,True,1.9944955255356167,14,17.709159380834848,90.917,in_progress,0.0,0
42,9.0,5.251611777606542,0.626175305634306,-11.481324868043082,19.453676657358884,1.0389030315806407,[19.453676657358884 1.0389030315806407],2.0,False,True,2.376995485026011,15,17.709159380834848,90.983,in_progress,0.0,0
42,10.0,5.3190397684540525,0.5860933751215586,-17.720590030868106,1.7849096943868084,1.6886026117177035,[1.7849096943868084 1.6886026117177035],1.5999999999999999,False,True,2.7575979983879257,15,17.709159380834848,91.047,in_progress,0.0,0
42,11.0,5.386235281653852,0.5561163874286835,-19.601701393705838,30.0,1.0,[30.0 1.0],1.5999999999999999,False,True,3.136961313693204,16,17.709159380834848,91.106,in_progress,0.0,0
42,12.0,5.462806760477275,0.5260796438606192,-20.23439536322213,-30.0,2.0335701078023725,[-30.0 2.0335701078023725],1.5999999999999999,False,True,3.5683617778662247,16,17.709159380834848,91.174,in_progress,0.0,0
42,13.0,5.532801891437433,0.49496495505754823,-21.569106209362744,16.912091382786237,1.8417798803431071,[16.912091382786237 1.8417798803431071],1.5999999999999999,False,True,3.9633521577384867,17,17.709159380834848,91.251,in_progress,0.0,0
42,14.0,5.629614199990132,0.4468006036373169,-23.312441894057468,3.245536645595834,2.6692521437494197,[3.245536645595834 2.6692521437494197],1.3,False,True,4.512032262571777,17,17.709159380834848,91.317,in_progress,0.0,0
42,15.0,5.724054022348909,0.41375225131806503,-21.801084550835334,-0.2023051079675291,1.0,[-0.2023051079675291 1.0],1.3,False,True,5.045375080092162,18,17.709159380834848,91.383,in_progress,0.0,0
42,16.0,5.823902617228264,0.38233787072836745,-20.011072107389282,-30.0,2.450331316108022,[-30.0 2.450331316108022],1.3,False,True,5.616579262984745,18,17.709159380834848,91.44,in_progress,0.0,0
42,17.0,5.915784859823182,0.34796245427033845,-20.313373542132073,-5.1086605827036,1.0,[-5.1086605827036 1.0],0.001,False,False,6.143408012918824,19,17.709159380834848,91.518,in_progress,0.0,0
42,18.0,6.011040832193093,0.29592973579241116,-23.73381981005248,13.851380036941812,1.1374515674202792,[13.851380036941812 1.1374515674202792],0.001,False,False,6.683738360890478,20,17.709159380834848,91.586,in_progress,0.0,0
42,19.0,6.094322861873044,0.2500194409125084,-25.567267543121233,30.0,3.2181178363596015,[30.0 3.2181178363596015],0.001,False,False,7.073254691862277,20,17.709159380834848,91.648,in_progress,0.0,0
42,20.0,6.177242804538501,0.2170852140110784,-24.185729087444773,-30.0,2.3311082674989727,[-30.0 2.3311082674989727],0.001,False,False,7.53657806391361,21,17.709159380834848,91.725,in_progress,0.0,0
42,21.0,6.282724488842508,0.1789463020892606,-21.283156062976925,24.632192921528706,4.0,[24.632192921528706 4.0],0.001,False,False,7.962006361664839,21,17.709159380834848,91.756,in_progress,0.0,0
42,22.0,6.332273998399726,0.15491365505055033,-21.839861732493624,30.0,2.5298306196670604,[30.0 2.5298306196670604],0.001,False,False,8.2296474668319,22,17.709159380834848,91.845,in_progress,0.0,0
42,23.0,6.48634457076778,0.11824063507808322,-17.083271524007237,-30.0,3.5294663582522157,[-30.0 3.5294663582522157],0.001,True,False,8.90195128120039,22,17.709159380834848,91.918,off_track,0.0,0
43,1.0,5.8563418500307005,0.6841832703387988,-0.03646792293587348,-24.565989005804347,3.8390699787030473,[-24.565989005804347 3.8390699787030473],0.0,False,True,0.7918788489255119,19,17.709159380834848,92.042,prepare,0.0,0
43,2.0,5.856106164210966,0.6842554637200186,-0.018571698924776513,11.865622438181418,4.0,[11.865622438181418 4.0],2.5,False,True,0.7905461097582528,19,17.709159380834848,92.11,in_progress,0.0,0
43,3.0,5.866298952344914,0.6806807147149622,-0.905477056718982,-5.361963292798553,2.4865508144588393,[-5.361963292798553 2.4865508144588393],2.0,False,True,0.8481953618748261,19,17.709159380834848,92.166,in_progress,0.0,0
43,4.0,5.886653177270036,0.6750973385657186,-2.1738440240176673,-15.621638531328298,1.245145703277893,[-15.621638531328298 1.245145703277893],2.0,False,True,0.9632759679525454,19,17.709159380834848,92.248,in_progress,0.0,0
43,5.0,5.924619596695352,0.6562062086689935,-6.276800348670937,-25.49912628325447,4.0,[-25.49912628325447 4.0],2.0,False,True,1.1787318376438454,19,17.709159380834848,92.317,in_progress,0.0,0
43,6.0,5.976454100327249,0.6214100080993049,-13.151123986797277,30.0,2.897635174177998,[30.0 2.897635174177998],2.0,False,True,1.47306431038057,19,17.709159380834848,92.375,in_progress,0.0,0
43,7.0,6.029523987553967,0.5917253594664995,-17.044993594319546,28.835696569293752,4.0,[28.835696569293752 4.0],2.0,False,True,1.7741310119879143,20,17.709159380834848,92.444,in_progress,0.0,0
43,8.0,6.094325590193271,0.5745656806662919,-16.552336375646803,-17.12144991721726,2.0450343497090104,[-17.12144991721726 2.0450343497090104],1.5999999999999999,False,True,2.120132325122495,20,17.709159380834848,92.51,in_progress,0.0,0
43,9.0,6.178527278763142,0.5546667060117919,-15.14909125743312,-4.850477433217794,1.392477948669921,[-4.850477433217794 1.392477948669921],1.5999999999999999,False,True,2.592573287677882,21,17.709159380834848,92.578,in_progress,0.0,0
43,10.0,6.262279295744158,0.518216249566918,-18.004736431502188,19.568539535658125,3.0136879885810672,[19.568539535658125 3.0136879885810672],1.5999999999999999,False,True,3.005065238512267,21,17.709159380834848,92.648,in_progress,0.0,0
43,11.0,6.360323695990751,0.4788852104535591,-19.250471467968243,30.0,1.9257556373850013,[30.0 1.9257556373850013],1.3,False,True,3.5384830986502607,22,17.709159380834848,92.72,in_progress,0.0,0
43,12.0,6.479166131874799,0.452770058390935,-16.119026771994747,7.1306737622362135,1.0,[7.1306737622362135 1.0],1.2000000000000002,False,True,4.117607611529175,23,17.709159380834848,92.783,in_progress,0.0,0
43,13.0,6.580466491986431,0.43160026979032307,-14.3103595094688,-12.829591671400355,2.280071300144662,[-12.829591671400355 2.280071300144662],1.3,False,True,4.451677887143959,23,17.709159380834848,92.85,in_progress,0.0,0
43,14.0,6.68283097734128,0.3976024454493475,-16.0253122024517,25.324650763126918,4.0,[25.324650763126918 4.0],0.001,False,False,4.812587122680095,23,17.709159380834848,92.911,in_progress,0.0,0
43,15.0,6.786727799493273,0.35819501997279074,-17.704730569989692,23.06734433810969,1.0,[23.06734433810969 1.0],0.001,False,False,5.29263431435314,24,17.709159380834848,92.972,in_progress,0.0,0
43,16.0,6.890501623229362,0.33761374946128464,-15.437721751952592,-5.654672840010683,1.5087493764303632,[-5.654672840010683 1.5087493764303632],0.001,False,False,5.332113106533792,24,17.709159380834848,93.05,in_progress,0.0,0
43,17.0,7.001916564247302,0.31441738435057365,-14.038945021631863,11.4703925839395,3.7774029806396685,[11.4703925839395 3.7774029806396685],0.001,False,False,5.818232503171056,25,17.709159380834848,93.111,in_progress,0.0,0
43,18.0,7.109024647763462,0.28395844263302145,-14.729197882069393,30.0,2.339760893127586,[30.0 2.339760893127586],0.001,True,False,6.144167722643623,25,17.709159380834848,93.183,off_track,0.0,0
44,1.0,6.726386979217555,0.7973549791310807,19.34341218364795,30.0,2.5122481827972676,[30.0 2.5122481827972676],0.0,False,True,0.7842848861044777,25,17.709159380834848,93.312,prepare,0.0,0
44,2.0,6.726269746928077,0.7972396038639442,19.316718374208563,28.30497990937181,3.0627710974784703,[28.30497990937181 3.0627710974784703],2.0,False,True,0.7833896711744864,25,17.709159380834848,93.372,in_progress,0.0,0
44,3.0,6.7356208969089035,0.8003547276479822,19.268676084285442,-23.094834052483296,2.6657747698370975,[-23.094834052483296 2.6657747698370975],2.0,False,True,0.8380856677459692,25,17.709159380834848,93.442,in_progress,0.0,0
44,4.0,6.7580088793166055,0.8072263549671532,18.89389378890875,-23.608180903700582,1.8806623015868638,[-23.608180903700582 1.8806623015868638],2.0,False,True,0.9674258897851673,25,17.709159380834848,93.509,in_progress,0.0,0
44,5.0,6.796518767143009,0.8028758398669109,14.973123037217368,-1.126306499485569,3.172906891765826,[-1.126306499485569 3.172906891765826],2.5,False,True,1.1441677226436242,25,17.709159380834848,93.578,in_progress,0.0,0
44,6.0,6.847534961253169,0.7990672399652045,11.109542253254634,2.4172223642949504,1.0,[2.4172223642949504 1.0],2.0,False,True,1.3471939182755217,25,17.709159380834848,93.645,in_progress,0.0,0
44,7.0,6.909060580298538,0.805729304446546,9.724855013626506,19.027143967832643,2.517182152324209,[19.027143967832643 2.517182152324209],1.5999999999999999,False,True,1.6547934798518766,26,17.709159380834848,93.718,in_progress,0.0,0
44,8.0,6.983088224595279,0.823006339342301,10.783278388889144,-11.594811003245141,1.9057149879231425,[-11.594811003245141 1.9057149879231425],1.9,False,True,1.9909672411307477,26,17.709159380834848,93.778,in_progress,0.0,0
44,9.0,7.054631807740759,0.8411838912117726,11.88486611940263,13.89403005498054,2.405764906539539,[13.89403005498054 2.405764906539539],1.9,False,True,2.3293297762087493,26,17.709159380834848,93.841,in_progress,0.0,0
44,10.0,7.141896841437487,0.8617826234886796,12.471131026883581,30.0,4.0,[30.0 4.0],1.9,False,True,2.7744704273447276,27,17.709159380834848,93.919,in_progress,0.0,0
44,11.0,7.251044627948025,0.9082846210553421,17.203426062383254,1.2843147974112448,3.0020996442667913,[1.2843147974112448 3.0020996442667913],1.8,False,True,3.116931622659516,27,17.709159380834848,93.986,in_progress,0.0,0
44,12.0,7.36563687520852,0.9638770924219976,21.238671092816286,-30.0,3.191541494386496,[-30.0 3.191541494386496],1.3,False,True,3.6827779350998346,28,17.709159380834848,94.044,in_progress,0.0,0
44,13.0,7.4935259441473105,1.0057773996532384,19.63278972371228,-15.958330013181403,1.0,[-15.958330013181403 1.0],0.001,False,False,4.06977310630694,28,17.709159380834848,94.116,in_progress,0.0,0
44,14.0,7.626985047644185,1.0313449500818512,15.158331965836053,-30.0,2.1214822603532504,[-30.0 2.1214822603532504],0.001,False,False,4.528594659862334,29,17.709159380834848,94.174,in_progress,0.0,0
44,15.0,7.757403429412726,1.0444035491399204,10.662677846456205,3.4643387118874784,2.1747416332390817,[3.4643387118874784 2.1747416332390817],0.001,True,False,4.577037643372692,29,17.709159380834848,94.255,off_track,0.0,0
45,1.0,7.257882524012967,1.4835281710270474,67.5340309510871,13.661788789573777,3.048629455098365,[13.661788789573777 3.048629455098365],0.0,False,True,0.7876621534986805,30,17.709159380834848,94.373,prepare,0.0,0
45,2.0,7.257884002906053,1.483549489981363,67.53121412213503,3.4308178231474002,3.036980139779747,[3.4308178231474002 3.036980139779747],1.9000000000000001,False,True,0.7877802774377496,30,17.709159380834848,94.444,in_progress,0.0,0
45,3.0,7.261766386739606,1.4919231695358306,67.46996881066914,4.562621667914655,1.4667230012570065,[4.562621667914655 1.4667230012570065],1.9000000000000001,False,True,0.8392425413783211,31,17.709159380834848,94.514,in_progress,0.0,0
45,4.0,7.2696579352242185,1.5125671327451375,67.57621879964348,-3.484854791088715,1.9976081160657655,[-3.484854791088715 1.9976081160657655],1.9000000000000001,False,True,0.9635371415957161,31,17.709159380834848,94.58,in_progress,0.0,0
45,5.0,7.284364946498789,1.5468352720659646,67.41650727971928,8.701546863755048,3.8699433548352267,[8.701546863755048 3.8699433548352267],2.3,False,True,1.172327265242018,31,17.709159380834848,94.641,in_progress,0.0,0
45,6.0,7.305031754453849,1.5906586211425713,66.96186180637973,-15.908812547441974,3.7422096964232745,[-15.908812547441974 3.7422096964232745],2.0,False,True,1.4108654293859935,31,17.709159380834848,94.713,in_progress,0.0,0
45,7.0,7.333924493509052,1.6475469477500382,65.96158457085554,-30.0,4.0,[-30.0 4.0],2.0,False,True,1.7434599458160338,32,17.709159380834848,94.767,in_progress,0.0,0
45,8.0,7.376473315114149,1.6976081650135788,61.79821826120807,30.0,4.0,[30.0 4.0],1.5999999999999999,False,True,2.043410304735599,32,17.709159380834848,94.85,in_progress,0.0,0
45,9.0,7.445084086555221,1.7780101156633195,56.86502399634866,-13.784239470860289,1.6202760910735396,[-13.784239470860289 1.6202760910735396],1.5999999999999999,False,True,2.3458002253859633,32,17.709159380834848,94.913,in_progress,0.0,0
45,10.0,7.49376304560108,1.8554711489186344,57.05212385331701,-29.63978111573019,4.0,[-29.63978111573019 4.0],1.3,False,True,2.7470547884165866,33,17.709159380834848,94.98,in_progress,0.0,0
45,11.0,7.561091479239278,1.9361657868079498,54.33084388383709,30.0,1.5553523157896068,[30.0 1.5553523157896068],1.3,False,True,2.995385524613309,33,17.709159380834848,95.048,in_progress,0.0,0
45,12.0,7.637442013271027,2.0085400496806414,49.08834173846717,30.0,2.9198469799722444,[30.0 2.9198469799722444],0.001,False,False,3.303774396439363,33,17.709159380834848,95.115,in_progress,0.0,0
45,13.0,7.71297958209302,2.1016049443828217,49.93990027428677,26.976526935864968,1.930954896181491,[26.976526935864968 1.930954896181491],0.001,False,False,3.727332335424288,34,17.709159380834848,95.175,in_progress,0.0,0
45,14.0,7.774967831989501,2.2121500182941847,54.895164623769325,14.399389671046713,4.0,[14.399389671046713 4.0],0.001,False,False,3.8742973176901394,34,17.709159380834848,95.248,in_progress,0.0,0
45,15.0,7.832308771833996,2.3535923390494515,62.1053962683423,30.0,3.963110912517143,[30.0 3.963110912517143],0.001,True,False,4.523426905955996,35,17.709159380834848,95.311,off_track,0.0,0
46,1.0,7.089953110028391,2.332172645877222,117.96337257219948,-2.483646127412719,1.0810731003397864,[-2.483646127412719 1.0810731003397864],0.0,False,True,0.7883031950429664,36,17.709159380834848,95.439,prepare,0.0,0
46,2.0,7.090189558990951,2.3320076142132136,117.93516785692174,-30.0,2.163596360020998,[-30.0 2.163596360020998],2.0,False,True,0.786753080203495,36,17.709159380834848,95.516,in_progress,0.0,0
46,3.0,7.0886598855194975,2.3427069389478863,117.13176106320017,30.0,2.596748278894676,[30.0 2.596748278894676],2.0,False,True,0.8400648064351868,36,17.709159380834848,95.578,in_progress,0.0,0
46,4.0,7.079820012269619,2.3608736404167536,117.13590858105951,30.0,1.9120353269907269,[30.0 1.9120353269907269],2.0,False,True,0.9519295298734687,37,17.709159380834848,95.641,in_progress,0.0,0
46,5.0,7.052074279801424,2.3782033991132745,121.0504551578952,-8.0874589739078,4.0,[-8.0874589739078 4.0],2.5,False,True,1.1246775030511025,37,17.709159380834848,95.704,in_progress,0.0,0
46,6.0,7.007717063401851,2.4041424669636733,126.78995404324728,-18.016123312020202,1.0,[-18.016123312020202 1.0],2.0,False,True,1.402763639928356,37,17.709159380834848,95.78,in_progress,0.0,0
46,7.0,6.9647890531363155,2.4467261729843233,129.09426948874227,-30.0,3.7974126585689825,[-30.0 3.7974126585689825],2.0,False,True,1.7441980718261474,37,17.709159380834848,95.852,in_progress,0.0,0
46,8.0,6.923487868706759,2.5064870057477875,127.79642493706453,7.643880708380152,1.0,[7.643880708380152 1.0],2.0,False,True,2.1479008569190716,38,17.709159380834848,95.911,in_progress,0.0,0
46,9.0,6.88654941235125,2.5670452988270487,125.86963088202172,30.0,3.3301380685311,[30.0 3.3301380685311],2.0,False,True,2.5225235767148355,38,17.709159380834848,95.98,in_progress,0.0,0
46,10.0,6.834968484020595,2.625248277243043,127.70382699822179,-30.0,2.9515549516798236,[-30.0 2.9515549516798236],2.0,False,True,2.9539731066746344,39,17.709159380834848,96.051,in_progress,0.0,0
46,11.0,6.773258127715692,2.6915484546754365,129.56191087276187,30.0,3.2623213289931305,[30.0 3.2623213289931305],2.0,False,True,3.408568905319914,39,17.709159380834848,96.125,in_progress,0.0,0
46,12.0,6.700659823821653,2.7713684020259124,130.8380650053535,-17.05167942367971,2.0595398797463065,[-17.05167942367971 2.0595398797463065],1.5999999999999999,False,True,3.9006480995034787,40,17.709159380834848,96.18,in_progress,0.0,0
46,13.0,6.63781797465663,2.8304423347371306,132.97575248281018,30.0,1.0309015160902646,[30.0 1.0309015160902646],1.5999999999999999,False,True,4.349270569268565,41,17.709159380834848,96.253,in_progress,0.0,0
46,14.0,6.562521279860122,2.9139260771393984,132.50333190333947,-19.337174928911168,3.6265411445602536,[-19.337174928911168 3.6265411445602536],1.5999999999999999,False,True,4.751225053103697,41,17.709159380834848,96.318,in_progress,0.0,0
46,15.0,6.4970906246450815,2.9945314635332148,130.4931401372592,-6.922203089198003,2.3599472239116683,[-6.922203089198003 2.3599472239116683],1.3,False,True,5.204730179148386,42,17.709159380834848,96.383,in_progress,0.0,0
46,16.0,6.431476505895016,3.1013951136097773,126.38662706388513,-19.87075975326107,3.645215426556627,[-19.87075975326107 3.645215426556627],1.3,False,True,5.582810068574851,42,17.709159380834848,96.453,in_progress,0.0,0
46,17.0,6.371282271378362,3.2184038343876877,121.81087515612577,14.491745296935015,1.6065767369742976,[14.491745296935015 1.6065767369742976],0.001,False,False,5.812489713136316,42,17.709159380834848,96.513,in_progress,0.0,0
46,18.0,6.316247740752027,3.3387441441899983,116.86996335853186,11.460678060760706,4.0,[11.460678060760706 4.0],0.001,False,False,6.169168026565469,43,17.709159380834848,96.571,in_progress,0.0,0
46,19.0,6.2559662168546835,3.4492997786506288,117.19673243623669,-13.419011712983739,2.319903365594961,[-13.419011712983739 2.319903365594961],0.001,True,False,6.43576870719289,43,17.709159380834848,96.647,off_track,0.0,0
47,1.0,6.344289823541655,2.766981281106545,168.4187242518347,30.0,3.7557334524619126,[30.0 3.7557334524619126],0.0,False,True,0.7895849619917406,42,17.709159380834848,96.785,prepare,0.0,0
47,2.0,6.344454764550566,2.767073329192865,168.3915256627549,6.9786006948071915,2.7677373461210593,[6.9786006948071915 2.7677373461210593],2.0,False,True,0.7886914472193474,42,17.709159380834848,96.854,in_progress,0.0,0
47,3.0,6.335471058142625,2.768827664703853,168.3230869420889,15.381051512430844,1.7601317929523457,[15.381051512430844 1.7601317929523457],2.0,False,True,0.8399809190899221,42,17.709159380834848,96.92,in_progress,0.0,0
47,4.0,6.315178390239353,2.7690022902571942,169.2699153525248,-20.070319040371693,3.242710335471722,[-20.070319040371693 3.242710335471722],2.0,False,True,0.9543668989873189,42,17.709159380834848,96.986,in_progress,0.0,0
47,5.0,6.279216314316273,2.7779969137586007,168.44505776589776,10.95462240104252,1.0,[10.95462240104252 1.0],2.0,False,True,1.1604446715902994,43,17.709159380834848,97.051,in_progress,0.0,0
47,6.0,6.239427992672256,2.7856955668652095,168.3367319391599,-7.286357449850762,2.74001192682761,[-7.286357449850762 2.74001192682761],2.0,False,True,1.3875752120802498,43,17.709159380834848,97.113,in_progress,0.0,0
47,7.0,6.183592754437352,2.792637828767466,169.35867499546384,-5.944048081520929,4.0,[-5.944048081520929 4.0],1.9000000000000001,False,True,1.69942308109009,43,17.709159380834848,97.178,in_progress,0.0,0
47,8.0,6.116093744555936,2.814385120320134,167.2837342298708,5.125338127901401,2.649080444174131,[5.125338127901401 2.649080444174131],1.9000000000000001,False,True,2.0831950845457192,44,17.709159380834848,97.244,in_progress,0.0,0
47,9.0,6.032858463789357,2.833635636117961,167.120949383002,9.659240028488597,4.0,[9.659240028488597 4.0],2.5,False,True,2.5451941381333,44,17.709159380834848,97.324,in_progress,0.0,0
47,10.0,5.9202312217093205,2.8528389015350015,168.32979044415958,30.0,3.2681783671747286,[30.0 3.2681783671747286],2.0,False,True,3.180045925116215,45,17.709159380834848,97.378,in_progress,0.0,0
47,11.0,5.806716055735326,2.8557913925122316,172.6542920841162,2.150534660314719,1.0,[2.150534660314719 1.0],2.0,False,True,3.82087156902407,46,17.709159380834848,97.44,in_progress,0.0,0
47,12.0,5.700063762145264,2.8537038263306584,176.9881202475202,-30.0,4.0,[-30.0 4.0],2.0,False,True,4.42358390573851,47,17.709159380834848,97.516,in_progress,0.0,0
47,13.0,5.574226931148741,2.8619327202471823,176.65768255435157,-30.0,3.911511925091317,[-30.0 3.911511925091317],1.5999999999999999,False,True,5.135988699065786,47,17.709159380834848,97.58,in_progress,0.0,0
47,14.0,5.449579364921741,2.8907645669463955,172.06528907414523,5.11676321431564,4.0,[5.11676321431564 4.0],2.7,False,True,5.8390802267215935,48,17.709159380834848,97.643,in_progress,0.0,0
47,15.0,5.318853880126402,2.9299942484039194,167.40587377403514,30.0,3.602657453828998,[30.0 3.602657453828998],1.9,False,True,6.561134321944112,49,17.709159380834848,97.72,in_progress,0.0,0
47,16.0,5.164700779428653,2.958725286901395,168.25240601230158,-17.86418345187769,4.0,[-17.86418345187769 4.0],1.5999999999999999,False,True,7.456156553999205,50,17.709159380834848,97.786,in_progress,0.0,0
47,17.0,4.990287927604617,2.983894193418735,170.88819388619825,-30.0,1.8023887116403967,[-30.0 1.8023887116403967],1.5999999999999999,False,True,8.585653678768596,51,17.709159380834848,97.825,in_progress,0.0,0
47,18.0,4.9121557025921465,3.0011044562975924,170.17415178976805,-30.0,3.2725783271228486,[-30.0 3.2725783271228486],1.3,False,True,9.183377628807749,52,17.709159380834848,97.916,in_progress,0.0,0
47,19.0,4.702422408753441,3.061291955689785,165.83663340260603,-30.0,4.0,[-30.0 4.0],1.5999999999999999,False,True,10.599166615412548,54,17.709159380834848,97.983,in_progress,0.0,0
47,20.0,4.529670266226687,3.1379173180637236,159.41653572500192,30.0,2.0267992572488067,[30.0 2.0267992572488067],1.5999999999999999,False,True,12.02705292942961,56,17.709159380834848,98.052,in_progress,0.0,0
47,21.0,4.364120661790001,3.22571625087599,151.23696473717553,-30.0,4.0,[-30.0 4.0],1.5999999999999999,False,True,13.110854627308349,57,17.709159380834848,98.121,in_progress,0.0,0
47,22.0,4.212738989932057,3.304428763898735,146.64347302039332,30.0,1.7745645474513356,[30.0 1.7745645474513356],2.0,False,True,14.040081676679161,58,17.709159380834848,98.18,in_progress,0.0,0
47,23.0,4.087552569126234,3.383619126064127,140.7258023375102,-30.0,3.499803592490616,[-30.0 3.499803592490616],2.0,False,True,14.835372554521303,59,17.709159380834848,98.251,in_progress,0.0,0
47,24.0,3.9420083355149473,3.47408587981777,136.88599583114407,7.650454026938483,1.8451122344241393,[7.650454026938483 1.8451122344241393],2.0,False,True,15.750724258692738,60,17.709159380834848,98.308,in_progress,0.0,0
47,25.0,3.824548236402442,3.5666412094255153,131.71442655469804,-19.00162484510046,4.0,[-19.00162484510046 4.0],2.0,False,True,16.574601103977205,61,17.709159380834848,98.385,in_progress,0.0,0
47,26.0,3.6946382296059346,3.685061241761221,127.53538713580033,2.5331179507267194,3.121197888953075,[2.5331179507267194 3.121197888953075],2.0999999999999996,False,True,17.556341775505725,62,17.709159380834848,98.458,in_progress,0.0,0
47,27.0,3.5722077265706105,3.820776148037572,123.32945261592474,2.751237422101134,2.9551782207532487,[2.751237422101134 2.9551782207532487],1.5999999999999999,False,True,18.587620281322646,63,17.709159380834848,98.534,in_progress,0.0,0
47,28.0,3.4369316471371247,3.9922721726941424,119.66568183692489,-30.0,2.5255738556655123,[-30.0 2.5255738556655123],1.5999999999999999,False,True,19.81868043219738,65,17.709159380834848,98.562,in_progress,0.0,0
47,29.0,3.3897754825755246,4.058889584302434,118.51688592728664,-30.0,1.4238703458372806,[-30.0 1.4238703458372806],1.5999999999999999,False,True,20.27765538650178,65,17.709159380834848,98.653,in_progress,0.0,0
47,30.0,3.2700126191460694,4.253710131010307,112.75606544191334,10.202959982421525,3.9812737857273666,[10.202959982421525 3.9812737857273666],2.5,False,True,21.61501372248573,67,17.709159380834848,98.718,in_progress,0.0,0
47,31.0,3.197945247382019,4.376272434831188,111.77018409541297,-18.779751339814432,1.5069462436153338,[-18.779751339814432 1.5069462436153338],2.0,False,True,22.400929873399456,68,17.709159380834848,98.78,in_progress,0.0,0
47,32.0,3.116065330679359,4.515893866574367,113.09495846835331,5.168780627336346,3.003417034808408,[5.168780627336346 3.003417034808408],1.9000000000000001,False,True,23.16433343204093,69,17.709159380834848,98.842,in_progress,0.0,0
47,33.0,3.045171368411986,4.650038881211213,115.35581994064451,14.587890560155103,2.4192130475904605,[14.587890560155103 2.4192130475904605],2.5999999999999996,False,True,23.593759821970316,69,17.709159380834848,98.92,in_progress,0.0,0
47,34.0,2.959635291431133,4.7985633958721285,118.02407716033325,0.5038142068090039,2.751621620111867,[0.5038142068090039 2.751621620111867],1.2000000000000002,False,True,24.230414937137102,70,17.709159380834848,98.985,in_progress,0.0,0
47,35.0,2.8743058678088445,4.934139406023129,120.27864459170462,-30.0,4.0,[-30.0 4.0],0.001,False,False,24.480378284388127,70,17.709159380834848,99.052,in_progress,0.0,0
47,36.0,2.7857966862872527,5.083416440079649,120.27218383739094,13.62670041523635,4.0,[13.62670041523635 4.0],0.001,False,False,24.92475900162614,71,17.709159380834848,99.109,in_progress,0.0,0
47,37.0,2.7000292906763685,5.240614751160237,119.58866993223656,11.638706424396894,1.0,[11.638706424396894 1.0],0.001,True,False,25.423279287754042,72,17.709159380834848,99.188,off_track,0.0,0
48,1.0,5.45854564506993,2.768873592604727,-179.75678886672955,30.0,4.0,[30.0 4.0],0.0,False,True,0.7911662772489447,48,17.709159380834848,99.282,prepare,0.0,0
48,2.0,5.458654170979459,2.768967980580661,-179.78701077530303,-30.0,4.0,[-30.0 4.0],2.0,False,True,0.7905513549263554,48,17.709159380834848,99.38,in_progress,0.0,0
48,3.0,5.4436065383863435,2.7655240219519475,-178.82612133354726,14.049768803798798,1.7588288038747741,[14.049768803798798 1.7588288038747741],2.0,False,True,0.8755983463975214,48,17.709159380834848,99.449,in_progress,0.0,0
48,4.0,5.416237806267174,2.764851113289411,-178.96938638691748,-30.0,1.0,[-30.0 1.0],2.0,False,True,1.0301577700132014,48,17.709159380834848,99.513,in_progress,0.0,0
48,5.0,5.382707073940053,2.7631771424781904,-178.6132336971547,8.40062053226962,3.047109366204425,[8.40062053226962 3.047109366204425],2.5,False,True,1.2195347863797112,49,17.709159380834848,99.583,in_progress,0.0,0
48,6.0,5.3362660412515694,2.768591897675772,-179.84757257716183,9.410308472206466,1.0,[9.410308472206466 1.0],2.0,False,True,1.4816550838248954,49,17.709159380834848,99.653,in_progress,0.0,0
48,7.0,5.275828373801819,2.7598767362621075,-178.00653491333384,-11.843011321589604,1.920003458256601,[-11.843011321589604 1.920003458256601],2.3,False,True,1.823871449484099,49,17.709159380834848,99.711,in_progress,0.0,0
48,8.0,5.218015986069727,2.7509177055482037,-176.46355795553177,-30.0,4.0,[-30.0 4.0],2.3,False,True,2.1513010568676383,50,17.709159380834848,99.779,in_progress,0.0,0
48,9.0,5.133975524051211,2.7560079592386355,-178.83783175960113,-25.87730352209136,1.0,[-25.87730352209136 1.0],2.0,False,True,2.6238606307604107,50,17.709159380834848,99.843,in_progress,0.0,0
48,10.0,5.064844762430199,2.776298117113272,176.1468348411305,-30.0,1.0833407949194467,[-30.0 1.0833407949194467],2.0,False,True,3.014802719632609,51,17.709159380834848,99.908,in_progress,0.0,0
48,11.0,4.991194391067998,2.804558597133551,171.06171125010857,16.028418003984783,3.1651545255285027,[16.028418003984783 3.1651545255285027],2.0,False,True,3.455484408196119,51,17.709159380834848,99.987,in_progress,0.0,0
48,12.0,4.903432977919984,2.832948470857262,168.1617798024594,19.51096534212747,2.1406962035381443,[19.51096534212747 2.1406962035381443],2.0,False,True,3.9670622846970205,52,17.709159380834848,100.053,in_progress,0.0,0
48,13.0,4.8119483919595245,2.8374589703748523,171.27708632712174,-19.159239189351283,1.9824904090671907,[-19.159239189351283 1.9824904090671907],2.0,False,True,4.509315333436559,53,17.709159380834848,100.117,in_progress,0.0,0
48,14.0,4.702839843997267,2.843025317174765,173.58453435418468,-23.789522821611953,2.4173988111206777,[-23.789522821611953 2.4173988111206777],2.0,False,True,5.123701260315839,53,17.709159380834848,100.184,in_progress,0.0,0
48,15.0,4.594861372552644,2.8649128785969675,171.47624040772777,-30.0,1.0,[-30.0 1.0],2.0,False,True,5.734146970920856,54,17.709159380834848,100.247,in_progress,0.0,0
48,16.0,4.492974159150859,2.8985933816921294,167.42159868689117,-10.548502733231906,1.7794380484565826,[-10.548502733231906 1.7794380484565826],2.0,False,True,6.308435565709441,55,17.709159380834848,100.318,in_progress,0.0,0
48,17.0,4.375912272501116,2.941357501710004,164.0472363873847,5.713022485945075,4.0,[5.713022485945075 4.0],3.1,False,True,6.928641738865238,55,17.709159380834848,100.392,in_progress,0.0,0
48,18.0,4.253866583150382,2.9800560223770463,163.43960933885475,1.8675608123442977,4.0,[1.8675608123442977 4.0],2.7,False,True,7.525107755473992,56,17.709159380834848,100.425,in_progress,0.0,0
48,19.0,4.183928161899893,2.995558087435758,164.584012963805,-30.0,4.0,[-30.0 4.0],1.5999999999999999,False,True,7.859150309393731,56,17.709159380834848,100.513,in_progress,0.0,0
48,20.0,4.002696103650489,3.040686560669289,165.25060996347423,30.0,1.0,[30.0 1.0],1.3,False,True,8.64653401322526,57,17.709159380834848,100.572,in_progress,0.0,0
48,21.0,3.865539609725307,3.0860664290705198,162.42416292869873,-5.2047744867949355,1.8532737820528142,[-5.2047744867949355 1.8532737820528142],0.001,False,False,9.308598775403759,58,17.709159380834848,100.64,in_progress,0.0,0
48,22.0,3.7421629101088807,3.1254787144724774,162.13276773396197,6.472131966120621,1.6412000935415694,[6.472131966120621 1.6412000935415694],0.001,False,False,9.918016974755666,59,17.709159380834848,100.712,in_progress,0.0,0
48,23.0,3.627932097566608,3.1607111105660373,162.51169428736975,-30.0,1.0,[-30.0 1.0],0.001,False,False,10.502398427484833,60,17.709159380834848,100.774,in_progress,0.0,0
48,24.0,3.522543110759766,3.1911571092465527,162.99921008037106,28.568562907414545,2.0001964622519055,[28.568562907414545 2.0001964622519055],0.001,False,False,11.008726563991338,60,17.709159380834848,100.846,in_progress,0.0,0
48,25.0,3.422549043550661,3.221023244066519,163.281137197703,30.0,3.7807860905640385,[30.0 3.7807860905640385],0.001,True,False,11.496216091738903,61,17.709159380834848,100.91,off_track,0.0,0
49,1.0,4.590705400087912,2.8812236815808703,157.44299915258864,-23.689535577210172,2.951520106642394,[-23.689535577210172 2.951520106642394],0.0,False,True,0.7905532895183143,54,17.709159380834848,101.055,prepare,0.0,0
49,2.0,4.590852408643613,2.8812854302833166,157.4180149339781,30.0,2.7205373651793257,[30.0 2.7205373651793257],2.0,False,True,0.7900414090570129,54,17.709159380834848,101.114,in_progress,0.0,0
49,3.0,4.582755139739972,2.8850829844943324,157.22085416631444,-5.326721603551608,1.99754465903627,[-5.326721603551608 1.99754465903627],2.0,False,True,0.8401183084139563,54,17.709159380834848,101.184,in_progress,0.0,0
49,4.0,4.56070172124501,2.8940763446386484,157.26049761191234,-2.1328088914079473,1.3947701762944493,[-2.1328088914079473 1.3947701762944493],2.0,False,True,0.9724036511776835,54,17.709159380834848,101.248,in_progress,0.0,0
49,5.0,4.523039933241901,2.905841061524294,158.08333228327822,-7.127584371709467,2.3903960217893783,[-7.127584371709467 2.3903960217893783],2.0,False,True,1.1873902226938238,55,17.709159380834848,101.322,in_progress,0.0,0
49,6.0,4.463538991763293,2.9277229844392547,158.44981286780217,-30.0,2.062567720616809,[-30.0 2.062567720616809],2.0,False,True,1.5370587335345243,55,17.709159380834848,101.363,in_progress,0.0,0
49,7.0,4.426517107271518,2.9424662834006026,158.433854118896,-30.0,1.0,[-30.0 1.0],2.0,False,True,1.7206060175048832,55,17.709159380834848,101.446,in_progress,0.0,0
49,8.0,4.34712616875171,2.9870210708535647,155.8947596492964,30.0,2.8071831564986818,[30.0 2.8071831564986818],2.0,False,True,2.2220324544285464,56,17.709159380834848,101.514,in_progress,0.0,0
49,9.0,4.272727125147709,3.02936317737526,154.2809262537524,-30.0,1.3367089399454888,[-30.0 1.3367089399454888],2.0,False,True,2.6553035989428153,56,17.709159380834848,101.586,in_progress,0.0,0
49,10.0,4.1949948324001305,3.0641154375424726,154.99447173047872,30.0,1.0,[30.0 1.0],1.5999999999999999,False,True,3.0987351366358498,57,17.709159380834848,101.65,in_progress,0.0,0
49,11.0,4.131220259276353,3.096913909190911,154.3366385418036,-30.0,3.8938981053169073,[-30.0 3.8938981053169073],1.5999999999999999,False,True,3.429404324247737,57,17.709159380834848,101.714,in_progress,0.0,0
49,12.0,4.056631273105852,3.1320527829901588,154.3193879423398,30.0,2.4302548040804983,[30.0 2.4302548040804983],1.5999999999999999,False,True,3.850548471453136,58,17.709159380834848,101.777,in_progress,0.0,0
49,13.0,3.972400398079142,3.1789397042402774,152.85437376663964,12.802493765810041,4.0,[12.802493765810041 4.0],1.3,False,True,4.340333560620168,58,17.709159380834848,101.837,in_progress,0.0,0
49,14.0,3.8854390244524186,3.213261582068432,154.82734369731364,-11.75449259573858,3.3365541677018844,[-11.75449259573858 3.3365541677018844],1.8,False,True,4.798702523244957,59,17.709159380834848,101.904,in_progress,0.0,0
49,15.0,3.775088493650175,3.2569634173525266,156.2468677238539,4.914978198118696,1.0,[4.914978198118696 1.0],1.3,False,True,5.3975824509552295,59,17.709159380834848,101.967,in_progress,0.0,0
49,16.0,3.6690303619756555,3.299680194111472,156.8271058315264,-2.3921635744915513,4.0,[-2.3921635744915513 4.0],0.001,False,False,5.961050699424586,60,17.709159380834848,102.056,in_progress,0.0,0
49,17.0,3.5292120108284504,3.3433854435984163,159.7255999103577,30.0,1.0,[30.0 1.0],0.001,False,False,6.651201309472721,61,17.709159380834848,102.111,in_progress,0.0,0
49,18.0,3.4282274046531453,3.36755239348893,162.50460930673137,30.0,1.346994541325619,[30.0 1.346994541325619],0.001,False,False,7.116078833573525,62,17.709159380834848,102.177,in_progress,0.0,0
49,19.0,3.323350218298884,3.3901341746749707,164.55445487525043,1.32151794004767,4.0,[1.32151794004767 4.0],0.001,True,False,7.589952814856349,62,17.709159380834848,102.239,off_track,0.0,0
50,1.0,3.9772238558012227,3.5123059323817656,129.18984967918612,-30.0,3.8786174458316673,[-30.0 3.8786174458316673],0.0,False,True,0.7920503069401619,60,17.709159380834848,102.36,prepare,0.0,0
50,2.0,3.9772551891196444,3.5119887562299974,129.24753287051118,-7.565458378405218,4.0,[-7.565458378405218 4.0],2.5,False,True,0.7905513581379364,60,17.709159380834848,102.443,in_progress,0.0,0
50,3.0,3.9669483907275707,3.5218234762394505,129.73298374353988,18.173035912182662,1.001651421687819,[18.173035912182662 1.001651421687819],2.0,False,True,0.8703697017217737,60,17.709159380834848,102.507,in_progress,0.0,0
50,4.0,3.941060734769008,3.538451093787387,131.92239288869723,1.0837570154224423,3.7192967489758524,[1.0837570154224423 3.7192967489758524],3.1,False,True,1.0355104623888556,60,17.709159380834848,102.577,in_progress,0.0,0
50,5.0,3.9045892113086427,3.5620354524422893,134.4495640446557,-0.0753727585071644,4.0,[-0.0753727585071644 4.0],3.1,False,True,1.2688618426397458,61,17.709159380834848,102.646,in_progress,0.0,0
50,6.0,3.8647572575601816,3.6038722068419387,134.10184425473514,-0.8584985567219654,1.6983855411737894,[-0.8584985567219654 1.6983855411737894],2.0,False,True,1.5940896180058672,61,17.709159380834848,102.719,in_progress,0.0,0
50,7.0,3.8139897328529524,3.6630263962637453,133.10047629394495,30.0,4.0,[30.0 4.0],2.0,False,True,2.034056900647674,61,17.709159380834848,102.776,in_progress,0.0,0
50,8.0,3.7639411736198367,3.7217797475784486,132.51261015151667,4.684487608081639,1.2535842168022675,[4.684487608081639 1.2535842168022675],2.0,False,True,2.469773043396617,62,17.709159380834848,102.86,in_progress,0.0,0
50,9.0,3.678105349499548,3.7963735913739365,135.47223322746277,27.761678924119963,1.8328690100946021,[27.761678924119963 1.8328690100946021],2.0,False,True,3.102554247342637,63,17.709159380834848,102.889,in_progress,0.0,0
50,10.0,3.6450604446350168,3.8216337564466705,136.78077043748897,-24.517384924915397,1.6574414089357115,[-24.517384924915397 1.6574414089357115],2.0,False,True,3.3310083774760413,63,17.709159380834848,102.992,in_progress,0.0,0
50,11.0,3.5342928610062265,3.9192281372486426,137.3970236338578,27.506278383932766,3.5024090121502764,[27.506278383932766 3.5024090121502764],2.0,False,True,4.153691279603011,64,17.709159380834848,103.03,in_progress,0.0,0
50,12.0,3.4959468061005925,3.9647010752241383,136.05009441275777,-10.88383461348769,2.3346408979084883,[-10.88383461348769 2.3346408979084883],2.0,False,True,4.487888971793296,64,17.709159380834848,103.121,in_progress,0.0,0
50,13.0,3.3895305200035057,4.0650602983974204,136.20523969383711,3.832981760077054,1.0,[3.832981760077054 1.0],1.5999999999999999,False,True,5.305626077454528,65,17.709159380834848,103.188,in_progress,0.0,0
50,14.0,3.30363229192653,4.142958601332049,136.8550968444124,-30.0,1.2894131111208558,[-30.0 1.2894131111208558],1.5999999999999999,False,True,6.048551508573974,66,17.709159380834848,103.237,in_progress,0.0,0
50,15.0,3.2363356039783517,4.202730236272391,137.32349942492448,1.8622374774033368,2.6298654709846456,[1.8622374774033368 2.6298654709846456],1.5999999999999999,False,True,6.556616053572107,67,17.709159380834848,103.309,in_progress,0.0,0
50,16.0,3.1556241152784685,4.275458325773833,137.74481517816952,-18.63466987648428,4.0,[-18.63466987648428 4.0],1.5999999999999999,False,True,7.302333332573296,68,17.709159380834848,103.378,in_progress,0.0,0
50,17.0,3.0660703645448897,4.360405584551448,136.9460126291848,2.67843792289419,1.0,[2.67843792289419 1.0],1.9000000000000001,False,True,8.034568191692859,69,17.709159380834848,103.438,in_progress,0.0,0
50,18.0,2.9793639169623645,4.444036531331261,136.23718779275032,3.778662199464577,3.7392638565518403,[3.778662199464577 3.7392638565518403],1.9000000000000001,False,True,8.732428107988676,69,17.709159380834848,103.506,in_progress,0.0,0
50,19.0,2.88765184910156,4.5261442370141935,137.1300211907811,17.26587185378522,1.0,[17.26587185378522 1.0],1.9000000000000001,False,True,9.330474671120514,70,17.709159380834848,103.587,in_progress,0.0,0
50,20.0,2.7776840318662988,4.606242562019354,140.05306999339317,7.534465848256843,1.0,[7.534465848256843 1.0],1.5,False,True,9.927241214589799,71,17.709159380834848,103.658,in_progress,0.0,0
50,21.0,2.6824965531638534,4.664979781512738,143.44267076438163,-30.0,1.1156085045717494,[-30.0 1.1156085045717494],1.5,False,True,10.470008676248831,72,17.709159380834848,103.708,in_progress,0.0,0
50,22.0,2.617264830187852,4.705651673979642,144.85471660048123,5.6284388479149,2.47556423938682,[5.6284388479149 2.47556423938682],1.5,False,True,10.825463011410063,72,17.709159380834848,103.781,in_progress,0.0,0
50,23.0,2.522309879783038,4.765372489202447,146.13109180649215,-28.093611998996668,1.9361513077771555,[-28.093611998996668 1.9361513077771555],1.6,False,True,11.362322363744282,73,17.709159380834848,103.852,in_progress,0.0,0
50,24.0,2.4245831789240566,4.82803497047683,146.8733005975894,-3.7722639772412627,1.0,[-3.7722639772412627 1.0],1.3,False,True,11.883848038489663,73,17.709159380834848,103.919,in_progress,0.0,0
50,25.0,2.3437687718023876,4.894509479122643,144.37569180473807,27.029727746548502,1.8939515039621562,[27.029727746548502 1.8939515039621562],0.001,False,False,12.284996221269806,74,17.709159380834848,103.983,in_progress,0.0,0
50,26.0,2.262167231958667,4.95306376394917,144.42919505297218,11.5028688406042,2.027850473603507,[11.5028688406042 2.027850473603507],0.001,False,False,12.741936179477808,74,17.709159380834848,104.049,in_progress,0.0,0
50,27.0,2.167931525037328,5.004331641169602,147.1894942877016,-1.4622463835132713,2.552178779692362,[-1.4622463835132713 2.552178779692362],0.001,False,False,13.26409668462144,75,17.709159380834848,104.1,in_progress,0.0,0
50,28.0,2.073552334185407,5.0484094999802345,150.10655571451193,-30.0,3.089452069855636,[-30.0 3.089452069855636],0.001,False,False,13.808553718015759,75,17.709159380834848,104.178,in_progress,0.0,0
50,29.0,1.9476203771367482,5.113660717413616,151.18585915211347,-30.0,3.539693130539714,[-30.0 3.539693130539714],0.001,True,False,14.5086446535723,76,17.709159380834848,104.245,off_track,0.0,0
51,1.0,3.4181434671007134,4.198797329487368,129.0803800010777,19.183465745632013,3.53510890140564,[19.183465745632013 3.53510890140564],0.0,False,True,0.7914323806853085,66,17.709159380834848,104.381,prepare,0.0,0
51,2.0,3.418359764560015,4.1987713441933625,129.02850330762297,15.480106990455262,1.6823193239670693,[15.480106990455262 1.6823193239670693],2.0,False,True,0.7905505554073211,66,17.709159380834848,104.435,in_progress,0.0,0
51,3.0,3.4158895095666097,4.204612756846726,128.51164840247316,-8.290073199420231,4.0,[-8.290073199420231 4.0],2.5,False,True,0.8249731666829518,66,17.709159380834848,104.52,in_progress,0.0,0
51,4.0,3.399169169532879,4.2249309171743405,128.45662634354835,14.286628577598464,3.2207854497587745,[14.286628577598464 3.2207854497587745],2.0,False,True,0.9720721680934963,66,17.709159380834848,104.578,in_progress,0.0,0
51,5.0,3.378203353124938,4.252884216706725,128.16375455072287,-30.0,1.8153226115023728,[-30.0 1.8153226115023728],2.0,False,True,1.1664240274739779,66,17.709159380834848,104.644,in_progress,0.0,0
51,6.0,3.3530673438635925,4.289137926903252,127.90861894459671,-8.13412782026803,2.6307848117601753,[-8.13412782026803 2.6307848117601753],2.0,False,True,1.4100249481049376,67,17.709159380834848,104.712,in_progress,0.0,0
51,7.0,3.3262171885485254,4.345248873363098,125.02156636065536,30.0,4.0,[30.0 4.0],2.0,False,True,1.737431340446871,67,17.709159380834848,104.782,in_progress,0.0,0
51,8.0,3.2859623197510555,4.407961447960362,124.49065993520941,-18.14398476840187,1.3312356355836439,[-18.14398476840187 1.3312356355836439],2.0,False,True,2.073983972878135,67,17.709159380834848,104.846,in_progress,0.0,0
51,9.0,3.2374428809179014,4.469803362483009,125.83324553459387,16.281079090649563,4.0,[16.281079090649563 4.0],1.5999999999999999,False,True,2.491282709839604,68,17.709159380834848,104.918,in_progress,0.0,0
51,10.0,3.1792396694673197,4.5541303014474295,125.83292861110976,21.5427328401651,1.0,[21.5427328401651 1.0],1.5,False,True,2.937821429438714,68,17.709159380834848,104.973,in_progress,0.0,0
51,11.0,3.1259735899503593,4.605650736102769,128.9274626514378,-8.143402818078684,2.6426064268102385,[-8.143402818078684 2.6426064268102385],1.9,False,True,3.335498631588041,69,17.709159380834848,105.054,in_progress,0.0,0
51,12.0,3.0487874296959565,4.685197416575916,130.92503170374206,-30.0,2.3971193894699114,[-30.0 2.3971193894699114],2.3,False,True,3.612277090060101,69,17.709159380834848,105.11,in_progress,0.0,0
51,13.0,2.994303817408509,4.768528200924071,128.04301531438358,10.119970377530954,2.3752171486361346,[10.119970377530954 2.3752171486361346],1.6,False,True,4.005443843381229,70,17.709159380834848,105.175,in_progress,0.0,0
51,14.0,2.93824161703952,4.862891834162087,125.09495856768933,-30.0,4.0,[-30.0 4.0],0.001,False,False,4.4194513414130725,70,17.709159380834848,105.25,in_progress,0.0,0
51,15.0,2.8633266765154204,4.990612117218715,122.25211125125772,19.415274615246354,4.0,[19.415274615246354 4.0],0.001,False,False,4.48037828438812,70,17.709159380834848,105.311,in_progress,0.0,0
51,16.0,2.7945570574808585,5.118154542676917,120.27205483914774,-22.197825745963947,1.230866610184293,[-22.197825745963947 1.230866610184293],0.001,True,False,4.654113719530894,71,17.709159380834848,105.368,off_track,0.0,0
52,1.0,2.6228457021106406,4.497941867210173,179.08564811437276,-30.0,1.7483779608821735,[-30.0 1.7483779608821735],0.0,False,True,0.7916214420493728,72,17.709159380834848,105.492,prepare,0.0,0
52,2.0,2.623036002067175,4.497829514428474,179.0787557474805,6.830991842506776,3.321200930993065,[6.830991842506776 3.321200930993065],1.9000000000000001,False,True,0.7905456002215816,72,17.709159380834848,105.582,in_progress,0.0,0
52,3.0,2.6107190520341383,4.503284826471498,177.56321248484602,-30.0,1.0,[-30.0 1.0],1.9000000000000001,False,True,0.8601578922972974,72,17.709159380834848,105.652,in_progress,0.0,0
52,4.0,2.591668148378396,4.517946261926668,174.5161298281234,-6.199418256118264,2.812630705324634,[-6.199418256118264 2.812630705324634],1.9000000000000001,False,True,0.9678985314647504,72,17.709159380834848,105.711,in_progress,0.0,0
52,5.0,2.566819443184456,4.542963335749665,169.06468085130055,11.349609299375189,1.1579632027219153,[11.349609299375189 1.1579632027219153],1.9000000000000001,False,True,1.1084941502619516,72,17.709159380834848,105.787,in_progress,0.0,0
52,6.0,2.5247435226530923,4.563949876683115,165.71736047536245,30.0,3.773496432590173,[30.0 3.773496432590173],2.3,False,True,1.346322972072178,73,17.709159380834848,105.852,in_progress,0.0,0
52,7.0,2.469857875362308,4.57563606230233,166.21843815893067,4.468663372260842,2.0670347277510555,[4.468663372260842 2.0670347277510555],1.9000000000000001,False,True,1.6563813383034476,73,17.709159380834848,105.915,in_progress,0.0,0
52,8.0,2.4119509223744893,4.581547232877842,168.02619103135575,-23.014441691959394,3.2740580535282398,[-23.014441691959394 3.2740580535282398],2.0,False,True,1.9651274547257902,73,17.709159380834848,105.98,in_progress,0.0,0
52,9.0,2.3361737330444674,4.598463346241535,167.60994422066656,30.0,4.0,[30.0 4.0],1.5999999999999999,False,True,2.389230262217157,74,17.709159380834848,106.052,in_progress,0.0,0
52,10.0,2.2469043331153493,4.623473167383312,166.70650626846023,30.0,2.4398785629737008,[30.0 2.4398785629737008],1.5999999999999999,False,True,2.890254978991491,74,17.709159380834848,106.117,in_progress,0.0,0
52,11.0,2.1476174683526392,4.629824981366262,170.25249420470857,3.990977719922057,2.012035840889491,[3.990977719922057 2.012035840889491],1.5999999999999999,False,True,3.4493962645116283,75,17.709159380834848,106.167,in_progress,0.0,0
52,12.0,2.059651173540913,4.626422648931015,174.24501431106876,-1.6518826679069356,2.983257846493994,[-1.6518826679069356 2.983257846493994],1.5999999999999999,False,True,3.951531501289096,76,17.709159380834848,106.252,in_progress,0.0,0
52,13.0,1.913016589176331,4.618878666900128,178.4902738592789,30.0,2.8789821575556553,[30.0 2.8789821575556553],1.5999999999999999,False,True,4.780226130271991,77,17.709159380834848,106.314,in_progress,0.0,0
52,14.0,1.7866889550087315,4.60357937247528,-177.30289832818877,21.58150902212781,1.0,[21.58150902212781 1.0],1.5999999999999999,False,True,5.491746403423314,77,17.709159380834848,106.38,in_progress,0.0,0
52,15.0,1.6696035514322183,4.578097230564798,-172.81565417869754,-30.0,1.7984698550423026,[-30.0 1.7984698550423026],1.5999999999999999,False,True,6.152394375927528,78,17.709159380834848,106.451,in_progress,0.0,0
52,16.0,1.5434946035828108,4.555641846273949,-171.6218348906197,6.757564866607069,3.653443455153563,[6.757564866607069 3.653443455153563],3.1,False,True,6.869118496683047,79,17.709159380834848,106.518,in_progress,0.0,0
52,17.0,1.4246508415701753,4.540554515647576,-171.8838487566674,-30.0,2.4935176110373516,[-30.0 2.4935176110373516],3.0,False,True,7.53024829431822,80,17.709159380834848,106.577,in_progress,0.0,0
52,18.0,1.306685351498784,4.522644034880479,-171.71803395772224,25.433346778608232,1.0,[25.433346778608232 1.0],1.9000000000000001,False,True,8.1152003544687,80,17.709159380834848,106.638,in_progress,0.0,0
52,19.0,1.181163255513411,4.51300633632249,-173.4470022230935,24.247945191979646,1.0,[24.247945191979646 1.0],1.5999999999999999,False,True,8.662666742194613,81,17.709159380834848,106.714,in_progress,0.0,0
52,20.0,1.0655419804568833,4.494479581593031,-172.38992512131446,-24.815557621808296,4.0,[-24.815557621808296 4.0],1.5999999999999999,False,True,9.283724433307283,82,17.709159380834848,106.783,in_progress,0.0,0
52,21.0,0.9515418976180607,4.4789932135817665,-173.0581181866557,10.317283370347688,3.016428116415982,[10.317283370347688 3.016428116415982],2.0999999999999996,False,True,9.690287434862677,82,17.709159380834848,106.845,in_progress,0.0,0
52,22.0,0.8350007521275651,4.472780825869087,-174.64176089485224,-30.0,3.9921133186873505,[-30.0 3.9921133186873505],1.3,False,True,10.22253433714747,83,17.709159380834848,106.898,in_progress,0.0,0
52,23.0,0.7074637403832973,4.464987822059915,-175.7458745889237,17.994481690294734,2.606292952424479,[17.994481690294734 2.606292952424479],0.001,False,False,10.515457827868612,83,17.709159380834848,106.986,in_progress,0.0,0
52,24.0,0.55267730549645,4.4610370549158045,-177.29321508540767,-30.0,2.5906721966409667,[-30.0 2.5906721966409667],0.001,False,False,11.121474291391031,84,17.709159380834848,107.049,in_progress,0.0,0
52,25.0,0.40284162517680466,4.454160595999033,-177.4948202726067,20.031197274698613,1.8538808808007574,[20.031197274698613 1.8538808808007574],0.001,False,False,11.231198778240737,84,17.709159380834848,107.109,in_progress,0.0,0
52,26.0,0.2753946570896489,4.455617539030114,-179.19971883653395,-30.0,4.0,[-30.0 4.0],0.001,True,False,11.625325640593386,85,17.709159380834848,107.177,off_track,0.0,0
53,1.0,1.7376845978749855,4.477011663380897,-178.43348468972601,-21.942280911955745,3.4411063576652756,[-21.942280911955745 3.4411063576652756],0.0,False,True,0.7917758673237851,78,17.709159380834848,107.289,prepare,0.0,0
53,2.0,1.737903177459987,4.4770115602473215,-178.43605380624246,-22.58018180277146,2.7509925076943134,[-22.58018180277146 2.7509925076943134],2.0,False,True,0.7905422774273863,78,17.709159380834848,107.382,in_progress,0.0,0
53,3.0,1.7241757480616897,4.473549723742048,-177.6291234885075,25.010860383592714,1.5034085774422605,[25.010860383592714 1.5034085774422605],2.0,False,True,0.8686581849241093,78,17.709159380834848,107.448,in_progress,0.0,0
53,4.0,1.7002038821455743,4.471558101229704,-177.58346592179174,5.0237452626870365,1.0,[5.0237452626870365 1.0],2.0,False,True,1.0043186297467588,78,17.709159380834848,107.516,in_progress,0.0,0
53,5.0,1.6657315448388164,4.459839958410907,-175.12077628542283,-8.152424399719262,2.578637613497221,[-8.152424399719262 2.578637613497221],2.0,False,True,1.2017055648741115,78,17.709159380834848,107.58,in_progress,0.0,0
53,6.0,1.618474497494825,4.451514934929589,-174.1298218039094,-13.72592677188976,2.6701629096225057,[-13.72592677188976 2.6701629096225057],2.0,False,True,1.470264127347709,78,17.709159380834848,107.647,in_progress,0.0,0
53,7.0,1.5596824004065777,4.448657038432603,-174.91153378897656,1.7504993563859799,1.9474194667666302,[1.7504993563859799 1.9474194667666302],2.0,False,True,1.802633898478323,79,17.709159380834848,107.712,in_progress,0.0,0
53,8.0,1.483847343324793,4.441545324734199,-174.88233072553516,-30.0,3.861987250195469,[-30.0 3.861987250195469],2.3,False,True,2.2360960850540734,79,17.709159380834848,107.78,in_progress,0.0,0
53,9.0,1.3977317259486473,4.4338404783297864,-175.0457550569402,-30.0,2.6064877293146416,[-30.0 2.6064877293146416],3.0,False,True,2.724228651965266,80,17.709159380834848,107.849,in_progress,0.0,0
53,10.0,1.301098607523102,4.4480905171299945,-179.86159396862016,20.835658356425434,1.909648789629007,[20.835658356425434 1.909648789629007],2.3,False,True,3.257533469072471,81,17.709159380834848,107.904,in_progress,0.0,0
53,11.0,1.2036542396267227,4.461113544178512,176.89843141105968,-30.0,2.2886160297527116,[-30.0 2.2886160297527116],2.0,False,True,3.6946239122573443,81,17.709159380834848,107.981,in_progress,0.0,0
53,12.0,1.0792183071565635,4.478007071833148,174.68439952415113,-30.0,4.0,[-30.0 4.0],1.5999999999999999,False,True,4.261639032590747,82,17.709159380834848,108.046,in_progress,0.0,0
53,13.0,0.9608184766245078,4.5150349065364965,169.16119345222035,24.440670302816656,1.5917392677037179,[24.440670302816656 1.5917392677037179],1.3,False,True,4.521093918978558,82,17.709159380834848,108.118,in_progress,0.0,0
53,14.0,0.8366770683356657,4.5634917615073105,163.29354376226638,4.846836254484195,4.0,[4.846836254484195 4.0],2.4000000000000004,False,True,4.891554222122652,83,17.709159380834848,108.182,in_progress,0.0,0
53,15.0,0.7176488032830636,4.6003802931415745,162.75494591768694,-11.63386482662434,3.419313739303442,[-11.63386482662434 3.419313739303442],0.001,False,False,5.28090917153663,83,17.709159380834848,108.246,in_progress,0.0,0
53,16.0,0.5793949627930675,4.647072972240084,161.8864909039334,11.790426111313707,4.0,[11.790426111313707 4.0],0.001,False,False,5.3085782326595226,83,17.709159380834848,108.319,in_progress,0.0,0
53,17.0,0.422955372375572,4.701562975249926,161.4692093876904,6.164730544325664,2.7195257339354413,[6.164730544325664 2.7195257339354413],0.001,True,False,5.612831928060691,83,17.709159380834848,108.38,off_track,0.0,0
54,1.0,0.9304664126491663,4.196230286290506,-140.74897865858424,-23.532243748135546,3.0143660077404126,[-23.532243748135546 3.0143660077404126],0.0,False,True,0.7865093568905523,84,17.709159380834848,108.49,prepare,0.0,0
54,2.0,0.9303516084952953,4.196605505087847,-140.8142530952793,-23.08910438140468,3.400079351405082,[-23.08910438140468 3.400079351405082],2.0,False,True,0.7853823777318802,84,17.709159380834848,108.572,in_progress,0.0,0
54,3.0,0.919832312179163,4.1886060339376705,-140.89403523462204,-12.538265692977895,2.45183298887024,[-12.538265692977895 2.45183298887024],2.0,False,True,0.8587968074020846,84,17.709159380834848,108.651,in_progress,0.0,0
54,4.0,0.8936194488887443,4.17271796901428,-141.92837700649682,-16.77879547690016,2.839109938975086,[-16.77879547690016 2.839109938975086],2.0,False,True,1.024871047912268,84,17.709159380834848,108.719,in_progress,0.0,0
54,5.0,0.8568802690567978,4.152505300037151,-143.5487348840829,24.258510141965253,1.0,[24.258510141965253 1.0],1.9000000000000001,False,True,1.2172731517788637,84,17.709159380834848,108.783,in_progress,0.0,0
54,6.0,0.8213969964247679,4.119299915492398,-142.91566502575444,6.118798745361282,4.0,[6.118798745361282 4.0],1.9000000000000001,False,True,1.4846126786504876,84,17.709159380834848,108.849,in_progress,0.0,0
54,7.0,0.7857314357595021,4.07205418383065,-139.26716857054308,-30.0,2.5136772948480557,[-30.0 2.5136772948480557],3.0,False,True,1.818363490362318,85,17.709159380834848,108.91,in_progress,0.0,0
54,8.0,0.7358722834304823,4.024482182758479,-138.3422905809468,-30.0,1.9972933540279907,[-30.0 1.9972933540279907],2.3,False,True,2.1266396282515143,85,17.709159380834848,108.978,in_progress,0.0,0
54,9.0,0.6551218555385401,3.9816087194926357,-143.06878785439937,-1.3664667290016794,1.2183492120997719,[-1.3664667290016794 1.2183492120997719],1.5,False,True,2.5296814656694533,86,17.709159380834848,109.047,in_progress,0.0,0
54,10.0,0.5699829936871748,3.943627747124005,-147.69040535617273,9.20091259830015,2.9729686682762084,[9.20091259830015 2.9729686682762084],1.5999999999999999,False,True,2.9108419101282257,86,17.709159380834848,109.119,in_progress,0.0,0
54,11.0,0.4910665205097989,3.8906919204649437,-147.014888817239,13.623427579788704,2.3426254173012415,[13.623427579788704 2.3426254173012415],1.3,False,True,3.0959005547842366,86,17.709159380834848,109.186,in_progress,0.0,0
54,12.0,0.4059048842139967,3.8096677218676263,-142.46668176445348,-22.021213011430703,3.237612950206283,[-22.021213011430703 3.237612950206283],1.3,False,True,3.6450001146639655,87,17.709159380834848,109.243,in_progress,0.0,0
54,13.0,0.33089688420011815,3.7319275589947387,-138.86144232330707,0.010277009433522721,4.0,[0.010277009433522721 4.0],0.001,False,False,3.802717623254992,87,17.709159380834848,109.311,in_progress,0.0,0
54,14.0,0.23670240997121283,3.6457491166231546,-138.10039407066742,-13.555776017458147,1.0,[-13.555776017458147 1.0],0.001,False,False,4.313132290049559,88,17.709159380834848,109.377,in_progress,0.0,0
54,15.0,0.13145985116147202,3.5600059869023006,-139.40872480897417,-28.693766608992533,4.0,[-28.693766608992533 4.0],0.001,False,False,4.602514065975982,88,17.709159380834848,109.449,in_progress,0.0,0
54,16.0,0.016382258695486485,3.482449863642087,-142.87393341058979,-12.863424678030299,1.6850626164103097,[-12.863424678030299 1.6850626164103097],0.001,True,False,4.911909392326919,88,17.709159380834848,109.507,off_track,0.0,0
55,1.0,0.7182207148441025,3.362677249134161,-87.03208059686659,12.255269883654307,2.6197348445410817,[12.255269883654307 2.6197348445410817],0.0,False,True,0.7899882203032615,89,17.709159380834848,109.641,prepare,0.0,0
55,2.0,0.7180821909870871,3.362825209256963,-87.04823796134707,-13.112258460380971,1.5184079734672395,[-13.112258460380971 1.5184079734672395],2.0,False,True,0.7890483310219576,89,17.709159380834848,109.719,in_progress,0.0,0
55,3.0,0.7206796928012555,3.353615676420809,-86.5078462244384,2.790737249699589,4.0,[2.790737249699589 4.0],3.1,False,True,0.8426277083214972,89,17.709159380834848,109.785,in_progress,0.0,0
55,4.0,0.7255915412787235,3.32707024961233,-85.86902807881023,-15.078616573613694,3.7459063304116382,[-15.078616573613694 3.7459063304116382],2.0,False,True,0.9949601139019992,90,17.709159380834848,109.85,in_progress,0.0,0
55,5.0,0.7259730542752136,3.290498743572644,-86.4881030613623,21.80739857527074,4.0,[21.80739857527074 4.0],2.0,False,True,1.1996104402424934,90,17.709159380834848,109.918,in_progress,0.0,0
55,6.0,0.7272403825560065,3.236774472434986,-86.80152204149677,-30.0,2.784480934403251,[-30.0 2.784480934403251],2.0,False,True,1.4920926322622763,90,17.709159380834848,109.974,in_progress,0.0,0
55,7.0,0.7356057906994793,3.1810817542971193,-85.52893199521286,-21.270805804625965,1.3830158192980484,[-21.270805804625965 1.3830158192980484],2.0,False,True,1.8088347758114076,91,17.709159380834848,110.044,in_progress,0.0,0
55,8.0,0.7234362798873737,3.10890195429649,-89.42092603075751,4.2143185104075656,1.0,[4.2143185104075656 1.0],2.0,False,True,2.1781657483723182,91,17.709159380834848,110.111,in_progress,0.0,0
55,9.0,0.7110359829549594,3.0411667314522277,-92.31169417899272,1.9856785616140584,3.347190252752469,[1.9856785616140584 3.347190252752469],2.5,False,True,2.5274372853818505,91,17.709159380834848,110.185,in_progress,0.0,0
55,10.0,0.7031851258604893,2.948577035783672,-93.12794946911914,-2.833046966091402,1.6330269042314522,[-2.833046966091402 1.6330269042314522],1.5999999999999999,False,True,3.0374533555815653,92,17.709159380834848,110.256,in_progress,0.0,0
55,11.0,0.688853215808256,2.856161175153878,-95.2565531241849,-30.0,4.0,[-30.0 4.0],1.5999999999999999,False,True,3.5240327483479716,93,17.709159380834848,110.315,in_progress,0.0,0
55,12.0,0.6643385691943932,2.7675516754276455,-99.06627622723448,-2.184750940510643,2.7659043519513347,[-2.184750940510643 2.7659043519513347],1.5999999999999999,False,True,4.007911226460958,93,17.709159380834848,110.386,in_progress,0.0,0
55,13.0,0.625629178026133,2.6556815529138307,-103.3087973793135,-22.860698051825175,3.390239146065238,[-22.860698051825175 3.390239146065238],1.3,False,True,4.577973718693817,94,17.709159380834848,110.451,in_progress,0.0,0
55,14.0,0.5856306999912044,2.547945842299941,-106.5857264760955,17.236259721703973,1.0,[17.236259721703973 1.0],1.3,False,True,5.145789057328076,95,17.709159380834848,110.517,in_progress,0.0,0
55,15.0,0.5269266368093313,2.428560996618748,-112.47741811470262,-4.903256995378186,4.0,[-4.903256995378186 4.0],0.001,False,False,5.738167230926184,95,17.709159380834848,110.582,in_progress,0.0,0
55,16.0,0.4746645024017896,2.3161923018421557,-113.88965744544213,-13.754230745885707,3.918676287373593,[-13.754230745885707 3.918676287373593],0.001,False,False,6.299603538672538,96,17.709159380834848,110.642,in_progress,0.0,0
55,17.0,0.41061561612492337,2.1966406269738457,-116.08087426212488,-12.4723234065406,2.0818183411768114,[-12.4723234065406 2.0818183411768114],0.001,False,False,6.88742990108725,97,17.709159380834848,110.707,in_progress,0.0,0
55,18.0,0.3323970667467505,2.0759944790306335,-119.7332683467195,30.0,3.00791595545427,[30.0 3.00791595545427],0.001,True,False,7.464817592810292,97,17.709159380834848,110.778,off_track,0.0,0
56,1.0,0.921311712656701,2.500777241683778,-78.28117351935065,-17.30903021892079,2.965653889692488,[-17.30903021892079 2.965653889692488],0.0,False,True,0.7907727023229394,95,17.709159380834848,110.921,prepare,0.0,0
56,2.0,0.9211962625833426,2.5007933490945184,-78.30704819935745,30.0,3.632067786361927,[30.0 3.632067786361927],2.0,False,True,0.7905513493415839,95,17.709159380834848,110.988,in_progress,0.0,0
56,3.0,0.9248931161846262,2.489756870781043,-78.02937915669519,9.496194045419955,3.2176837141844765,[9.496194045419955 3.2176837141844765],2.5,False,True,0.855811575662424,95,17.709159380834848,111.053,in_progress,0.0,0
56,4.0,0.9358506401250891,2.466430667652393,-76.75336954635897,-15.468296070327833,1.0,[-15.468296070327833 1.0],2.0,False,True,0.9973452687067397,96,17.709159380834848,111.115,in_progress,0.0,0
56,5.0,0.9453665013966553,2.4328653689448205,-75.85107272257281,18.163321288202113,2.543369551782562,[18.163321288202113 2.543369551782562],2.0,False,True,1.1938421693635681,96,17.709159380834848,111.178,in_progress,0.0,0
56,6.0,0.9581679886738187,2.38663549667679,-75.48874298509915,-30.0,2.6681818085976166,[-30.0 2.6681818085976166],2.0,False,True,1.4641261784184567,96,17.709159380834848,111.246,in_progress,0.0,0
56,7.0,0.9774646352325328,2.3279137628004603,-74.71857810258976,3.6543279673214215,3.1364628163092045,[3.6543279673214215 3.1364628163092045],2.5,False,True,1.8109260879033307,97,17.709159380834848,111.312,in_progress,0.0,0
56,8.0,0.9914762928970708,2.263364618266032,-75.58046387496977,15.419707922945001,2.63773113349089,[15.419707922945001 2.63773113349089],2.0,False,True,2.183893719880592,97,17.709159380834848,111.372,in_progress,0.0,0
56,9.0,1.0264518600765096,2.191911726424794,-71.96563728015258,-30.0,3.1704716494027494,[-30.0 3.1704716494027494],2.0,False,True,2.619056532254427,97,17.709159380834848,111.447,in_progress,0.0,0
56,10.0,1.0740676760167884,2.087376631264835,-69.37699719921666,-10.734467562390464,2.237313115379867,[-10.734467562390464 2.237313115379867],2.0,False,True,3.251633435896828,98,17.709159380834848,111.519,in_progress,0.0,0
56,11.0,1.0951542745542988,1.9811963659486038,-72.99378093524354,8.226975950117911,2.7933701856105144,[8.226975950117911 2.7933701856105144],2.0,False,True,3.862899624892824,99,17.709159380834848,111.582,in_progress,0.0,0
56,12.0,1.119458247815329,1.8646854604011356,-75.11816547158313,30.0,3.388611070243986,[30.0 3.388611070243986],2.0,False,True,4.5348634565624995,100,17.709159380834848,111.649,in_progress,0.0,0
56,13.0,1.1608190266012215,1.7465174721102257,-73.03442809239105,-21.770653104593663,4.0,[-21.770653104593663 4.0],2.0,False,True,5.235862324131557,101,17.709159380834848,111.716,in_progress,0.0,0
56,14.0,1.2102819892351646,1.5997696073629695,-72.32009110065194,-30.0,4.0,[-30.0 4.0],1.5999999999999999,False,True,6.105360614247046,102,17.709159380834848,111.782,in_progress,0.0,0
56,15.0,1.232595227266497,1.4468083778617757,-77.56602925207453,-30.0,3.8222016269624985,[-30.0 3.8222016269624985],2.0,False,True,6.979857089921326,103,17.709159380834848,111.842,in_progress,0.0,0
56,16.0,1.2372594877208078,1.3112290354614342,-83.20252849884515,-11.456194124990613,1.0,[-11.456194124990613 1.0],2.0,False,True,7.758187932541494,104,17.709159380834848,111.914,in_progress,0.0,0
56,17.0,1.2218852902599322,1.136908010471336,-94.0518744090223,-30.0,1.7117778932623675,[-30.0 1.7117778932623675],2.3,False,True,8.67560307879014,105,17.709159380834848,111.969,in_progress,0.0,0
56,18.0,1.206475107768097,0.9972917657380979,-100.33526512429883,-30.0,2.5315487899978777,[-30.0 2.5315487899978777],2.5999999999999996,False,True,9.260918251445249,105,17.709159380834848,112.04,in_progress,0.0,0
56,19.0,1.178822068565232,0.8527001480368921,-106.0304617037612,30.0,1.4326821148662539,[30.0 1.4326821148662539],1.5,False,True,9.833978197712668,106,17.709159380834848,112.113,in_progress,0.0,0
56,20.0,1.142089880586085,0.715121642027567,-111.82223441933897,-30.0,3.1699596966412846,[-30.0 3.1699596966412846],2.3,False,True,10.143121589700455,106,17.709159380834848,112.182,in_progress,0.0,0
56,21.0,1.1096845675450706,0.5854280089861139,-112.886931638721,-9.105373567728101,1.0,[-9.105373567728101 1.0],0.001,False,False,10.56353138859717,107,17.709159380834848,112.241,in_progress,0.0,0
56,22.0,1.0602482989134212,0.4681796030271845,-116.73458557227873,10.122309444697322,2.17333249442609,[10.122309444697322 2.17333249442609],0.001,False,False,10.681487699970905,107,17.709159380834848,112.316,in_progress,0.0,0
56,23.0,1.0119487045317948,0.3490296324676049,-117.70776521901344,-5.676584668939249,1.0,[-5.676584668939249 1.0],0.001,True,False,10.681487699970905,107,17.709159380834848,112.388,off_track,0.0,0
57,1.0,1.1009470628051594,1.6335601336881362,-78.26884674578304,-30.0,4.0,[-30.0 4.0],0.0,False,True,0.791724554647466,101,17.709159380834848,112.52,prepare,0.0,0
57,2.0,1.100875049211882,1.6337574039001486,-78.27851755465018,-20.11616596699241,1.7670648767654757,[-20.11616596699241 1.7670648767654757],2.0,False,True,0.7905508113053128,101,17.709159380834848,112.58,in_progress,0.0,0
57,3.0,1.1036922606813957,1.62919561198419,-77.71563453957403,-7.391073337500867,3.4908557550140795,[-7.391073337500867 3.4908557550140795],2.5,False,True,0.8190301501870723,101,17.709159380834848,112.649,in_progress,0.0,0
57,4.0,1.105347743437299,1.610177593008066,-78.29852077553126,0.8071845942823259,2.2631090823570594,[0.8071845942823259 2.2631090823570594],2.0,False,True,0.9260494315329271,101,17.709159380834848,112.719,in_progress,0.0,0
57,5.0,1.1109657273112967,1.5730731025387201,-78.82627045249042,27.199321068929805,1.0,[27.199321068929805 1.0],2.0,False,True,1.1376177491389305,102,17.709159380834848,112.783,in_progress,0.0,0
57,6.0,1.12545743294215,1.5292000288245102,-77.4927699872971,-30.0,3.299177770564368,[-30.0 3.299177770564368],2.0,False,True,1.396890253298766,102,17.709159380834848,112.852,in_progress,0.0,0
57,7.0,1.152128045164081,1.4721141167164644,-74.6863073098047,30.0,1.0,[30.0 1.0],2.0,False,True,1.7439268468814273,102,17.709159380834848,112.913,in_progress,0.0,0
57,8.0,1.1642745246448172,1.413902721533297,-75.75135746044737,-21.724617300906182,1.4928788219436822,[-21.724617300906182 1.4928788219436822],2.0,False,True,2.0797041475965727,103,17.709159380834848,112.974,in_progress,0.0,0
57,9.0,1.1719331507262956,1.353807918431128,-77.53963315117987,-9.173036801251286,2.2269459864974044,[-9.173036801251286 2.2269459864974044],2.0,False,True,2.4244387453929206,103,17.709159380834848,113.044,in_progress,0.0,0
57,10.0,1.1616868597426682,1.2593163796172993,-84.19908293486407,-0.14560660847203266,1.9433938565965108,[-0.14560660847203266 1.9433938565965108],2.0,False,True,2.920723068301856,104,17.709159380834848,113.113,in_progress,0.0,0
57,11.0,1.145967784016859,1.1680889136591064,-89.67104252871893,-0.9224462715544348,4.0,[-0.9224462715544348 4.0],1.9000000000000001,False,True,3.3557927022143774,104,17.709159380834848,113.181,in_progress,0.0,0
57,12.0,1.1272208759725593,1.0675608758881703,-93.8767604320463,-22.096092644610607,2.575549048826117,[-22.096092644610607 2.575549048826117],2.5999999999999996,False,True,3.8461848145872946,105,17.709159380834848,113.251,in_progress,0.0,0
57,13.0,1.0876948716431465,0.9423809046117276,-100.33807626157119,30.0,3.391576808383378,[30.0 3.391576808383378],1.6,False,True,4.124194966433725,105,17.709159380834848,113.326,in_progress,0.0,0
57,14.0,1.0428446789100163,0.80484122385101,-104.01621703203672,-30.0,4.0,[-30.0 4.0],1.6,False,True,4.609720982688281,106,17.709159380834848,113.362,in_progress,0.0,0
57,15.0,1.0200677344637887,0.7196346769267425,-104.44437757852164,30.0,2.5275217825128045,[30.0 2.5275217825128045],0.001,False,False,4.833978197712662,106,17.709159380834848,113.444,in_progress,0.0,0
57,16.0,0.973455585303321,0.5505790543190804,-104.92668676975778,-4.659133165520579,1.0,[-4.659133165520579 1.0],0.001,False,False,5.193474360916128,106,17.709159380834848,113.509,in_progress,0.0,0
57,17.0,0.9512970807238491,0.42544021737355053,-102.35635778006335,-4.002646605869007,3.444564809031884,[-4.002646605869007 3.444564809031884],0.001,True,False,5.633621307840642,107,17.709159380834848,113.581,off_track,0.0,0
58,1.0,1.45322933881521,0.8415958597697524,-47.873620936591536,26.538490649710802,4.0,[26.538490649710802 4.0],0.0,False,True,0.7853014332125818,107,17.709159380834848,113.72,prepare,0.0,0
58,2.0,1.453058105490812,0.8417807830286794,-47.87258526991535,-5.977157919837509,1.1367639446169204,[-5.977157919837509 1.1367639446169204],2.0,False,True,0.7839586981401747,107,17.709159380834848,113.778,in_progress,0.0,0
58,3.0,1.4571199120227032,0.8390722472248857,-47.561349644955435,30.0,4.0,[30.0 4.0],2.0,False,True,0.8113832041385383,107,17.709159380834848,113.855,in_progress,0.0,0
58,4.0,1.4747155185825986,0.8264635519528456,-46.34190894414914,-14.807935991206106,2.1490082380506417,[-14.807935991206106 2.1490082380506417],2.0,False,True,0.9324944414450642,107,17.709159380834848,113.917,in_progress,0.0,0
58,5.0,1.499046915817134,0.8118412703572422,-44.58819407415976,17.836318033843625,3.6930660303015856,[17.836318033843625 3.6930660303015856],2.0,False,True,1.0925476426534964,107,17.709159380834848,113.984,in_progress,0.0,0
58,6.0,1.5324432577382536,0.7834200264469721,-43.80552986135426,8.918253144375996,1.2430151158930811,[8.918253144375996 1.2430151158930811],2.0,False,True,1.3342600410070404,108,17.709159380834848,114.048,in_progress,0.0,0
58,7.0,1.5767500279242093,0.7563017297198902,-41.11042908823457,-13.554400437923647,1.0,[-13.554400437923647 1.0],2.0,False,True,1.6034527471777027,108,17.709159380834848,114.115,in_progress,0.0,0
58,8.0,1.62972561093906,0.7161289783389068,-40.059761490998206,-15.710716255338834,4.0,[-15.710716255338834 4.0],2.0,False,True,1.9592746410387996,109,17.709159380834848,114.184,in_progress,0.0,0
58,9.0,1.6849098597344017,0.6600047847479396,-41.74121563886672,-8.614006294293617,1.6967325206723536,[-8.614006294293617 1.6967325206723536],2.0,False,True,2.3556125659524807,109,17.709159380834848,114.255,in_progress,0.0,0
58,10.0,1.7349074963995383,0.586104090814902,-46.52445995878519,0.664052763623264,1.6164851881772357,[0.664052763623264 1.6164851881772357],1.5999999999999999,False,True,2.6629136115398633,109,17.709159380834848,114.315,in_progress,0.0,0
58,11.0,1.7868592481257233,0.5154209473675919,-48.938385344808445,-17.096417236787328,1.8281195228020475,[-17.096417236787328 1.8281195228020475],1.5999999999999999,False,True,3.0322432174362257,110,17.709159380834848,114.376,in_progress,0.0,0
58,12.0,1.8432097795262852,0.4319854449387539,-51.65507468061894,-2.6266076139214967,1.7490690176805708,[-2.6266076139214967 1.7490690176805708],1.3,False,True,3.3404542132894344,110,17.709159380834848,114.448,in_progress,0.0,0
58,13.0,1.891627624775092,0.33179642922871694,-56.921182261358126,-26.091844488825558,2.2059156309123686,[-26.091844488825558 2.2059156309123686],1.3,False,True,3.6916501663540213,111,17.709159380834848,114.523,in_progress,0.0,0
58,14.0,1.9345612792971412,0.20184849142928626,-64.25014972816406,-30.0,1.634474705163572,[-30.0 1.634474705163572],0.001,False,False,4.0361275033584665,111,17.709159380834848,114.562,in_progress,0.0,0
58,15.0,1.948446555230909,0.13401691310815766,-68.14164486962208,-2.421816367244052,1.0,[-2.421816367244052 1.0],0.001,False,False,4.077097631741444,111,17.709159380834848,114.65,in_progress,0.0,0
58,16.0,1.9696021383297195,-0.01394187333378459,-75.71618682448565,-28.848729385519366,1.0,[-28.848729385519366 1.0],0.001,True,False,4.161821515308972,111,17.709159380834848,114.709,off_track,0.0,0
59,1.0,2.314692602482488,0.6706454571812894,-1.1376286016779615,30.0,3.6840803318768085,[30.0 3.6840803318768085],0.0,False,True,0.7917937551482401,113,17.709159380834848,114.843,prepare,0.0,0
59,2.0,2.314461313881166,0.6707960759928493,-1.1041583585924633,13.2119651062917,2.949033883318635,[13.2119651062917 2.949033883318635],2.0,False,True,0.7905183955890571,113,17.709159380834848,114.903,in_progress,0.0,0
59,3.0,2.3223526566949895,0.6672893223392908,-1.7800263400397087,-29.96313024690676,1.1044140623859888,[-29.96313024690676 1.1044140623859888],2.0,False,True,0.8343561628200269,113,17.709159380834848,114.975,in_progress,0.0,0
59,4.0,2.337399224613806,0.6536074168690093,-4.729544372013491,-5.7510643459985005,2.2408565508351774,[-5.7510643459985005 2.2408565508351774],2.0,False,True,0.9165549364704151,113,17.709159380834848,115.057,in_progress,0.0,0
59,5.0,2.3706002353599374,0.6318654595835543,-9.184458696069285,-28.04619666636954,1.0359511741050709,[-28.04619666636954 1.0359511741050709],2.0,False,True,1.0996062349605373,113,17.709159380834848,115.115,in_progress,0.0,0
59,6.0,2.401395430504835,0.6081611312514248,-13.533140558056255,-19.24296944044754,4.0,[-19.24296944044754 4.0],2.0,False,True,1.2686915483000605,114,17.709159380834848,115.182,in_progress,0.0,0
59,7.0,2.4424377474158434,0.5685798104096832,-20.235744923161114,30.0,2.2209300475207594,[30.0 2.2209300475207594],1.5999999999999999,False,True,1.4924554912748578,114,17.709159380834848,115.241,in_progress,0.0,0
59,8.0,2.4894675169230176,0.5318230126310797,-24.664086134326062,5.4576148499985635,4.0,[5.4576148499985635 4.0],2.7,False,True,1.7535272565507687,114,17.709159380834848,115.315,in_progress,0.0,0
59,9.0,2.561641108188424,0.4954855986914854,-25.45170689070487,-10.256211583827163,3.597556858712199,[-10.256211583827163 3.597556858712199],2.0999999999999996,False,True,2.1544070236978685,115,17.709159380834848,115.381,in_progress,0.0,0
59,10.0,2.6399738493226854,0.44892523229975856,-27.390960492984046,7.820659071601035,1.7854089276058183,[7.820659071601035 1.7854089276058183],1.3,False,True,2.6090334332786513,115,17.709159380834848,115.456,in_progress,0.0,0
59,11.0,2.7409067540931664,0.3828048720178626,-29.969220998462255,12.1370942794426,3.4888317404410913,[12.1370942794426 3.4888317404410913],1.3,False,True,3.173055606780617,116,17.709159380834848,115.53,in_progress,0.0,0
59,12.0,2.8494681399674215,0.32572713091615385,-28.846817124601053,30.0,3.9451217335053235,[30.0 3.9451217335053235],0.001,False,False,3.813043019801343,117,17.709159380834848,115.564,in_progress,0.0,0
59,13.0,2.914442907683155,0.30152530071843825,-26.45415303360716,1.4440493107856298,4.0,[1.4440493107856298 4.0],0.001,False,False,4.187299163991975,117,17.709159380834848,115.643,in_progress,0.0,0
59,14.0,3.071285956105888,0.24943272358664215,-22.096400294554513,-30.0,1.0,[-30.0 1.0],0.001,False,False,5.057409194389621,0,17.709159380834848,115.717,in_progress,0.0,0
59,15.0,3.205281709871149,0.1932658567117556,-22.003684384856168,26.835209224732253,1.6524876240390542,[26.835209224732253 1.6524876240390542],0.001,False,False,5.813037458371198,1,17.709159380834848,115.773,in_progress,0.0,0
59,16.0,3.309351798111617,0.14666441335473543,-22.860889114230314,-3.426440782649067,2.3965807611758736,[-3.426440782649067 2.3965807611758736],0.001,False,False,6.404908126256785,2,17.709159380834848,115.845,in_progress,0.0,0
59,17.0,3.4354307778326,0.09479932724410803,-22.866086109147318,-6.31653501704681,4.0,[-6.31653501704681 4.0],0.001,True,False,7.120648314214492,3,17.709159380834848,115.914,off_track,0.0,0
